,Date,User,Tweet,hashtag,text,Segmented#
0,2023-03-23 20:57:44+00:00,ReallySwara,"Wore my fairy godmothers and favourite people @AJSKOfficial #AbuJaniSandeepKhosla for my Delhi Reception.. Felt like Cinderella! ğŸ¤—â™¥ï¸âœ¨
Jewellery from #KhannaJewellers
Taali from my mom, just like hers ğŸŒ¸â™¥ï¸
#SwaadAnusaar https://t.co/m1I1T3a8Ez","['AbuJaniSandeepKhosla', 'KhannaJewellers', 'SwaadAnusaar']","['wore', 'fairy', 'godmother', 'favourite', 'people', 'delhi', 'reception', 'felt', 'like', 'cinderella', 'jewellery', 'mom', 'like']",abu jani sandeep khosla  khanna jewellers  swaad anusaar
1,2023-03-23 20:52:57+00:00,ReallySwara,"This #HeenaKochhar look has my ğŸ’™ğŸ’œğŸ’•
#SwaadAnusaar #qawwalinight https://t.co/d6VB4AJplB","['HeenaKochhar', 'SwaadAnusaar', 'qawwalinight']","['look', 'ha']",heena kochhar  swaad anusaar qawwalinight
2,2023-03-23 20:40:08+00:00,ReallySwara,"Details! #CantStopWontStop posting my love for this @ALIXEESHAN creation.. 
jewellery from my fave @apalabysumit 
Pics: Tarun Chawla 
Love love love! â™¥ï¸
#SwaadAnusaar #Walima https://t.co/80lR0ghllg","['CantStopWontStop', 'SwaadAnusaar', 'Walima']","['detail', 'posting', 'love', 'creation', 'jewellery', 'fave', 'pic', 'tarun', 'chawla', 'love', 'love', 'love']",cant stop wont stop  swaad anusaar  walima
3,2023-03-23 20:37:03+00:00,ReallySwara,"OBSESSED! Cannot get over the grace &amp; beauty of this creation by the mad genius of @ALIXEESHAN .. complemented seamlessly by jewellery from @apalabysumit 
So grateful to benefit from the talent of such generous magicians ! ğŸ’•ğŸŒ¸âœ¨ğŸ™ğŸ½ Beautifully shot by Tarun Chawla
#SwaadAnusaar https://t.co/rqjfpROgVt",['SwaadAnusaar'],"['obsessed', 'cannot', 'get', 'grace', 'beauty', 'creation', 'mad', 'genius', 'complemented', 'seamlessly', 'jewellery', 'grateful', 'benefit', 'talent', 'generous', 'magician', 'beautifully', 'shot', 'tarun', 'chawla']",swaad anusaar
4,2023-03-23 20:14:41+00:00,ReallySwara,You look princely too @FahadZirarAhmad ğŸ¤“ğŸ¤—ğŸ˜˜,[],"['look', 'princely']",
5,2023-03-23 20:14:16+00:00,ReallySwara,"Wore my face #RahulMishra for the Sangeet! 
Felt like a Queen in green.. ğŸ’šâœ¨
#SwaadAnusaar https://t.co/32YjAREvh1","['RahulMishra', 'SwaadAnusaar']","['wore', 'face', 'sangeet', 'felt', 'like', 'queen', 'green']",rahul mishra  swaad anusaar
6,2023-03-23 20:09:22+00:00,ReallySwara,Ali ji! So well said ğŸ¤—ğŸ’œ @ALIXEESHAN,[],"['ali', 'ji', 'well', 'said']",
7,2023-03-22 14:47:39+00:00,ReallySwara,ğŸ˜‚ğŸ˜‚ğŸ˜‚ğŸ˜‚ğŸ˜‚,[],[],
8,2023-03-21 19:38:04+00:00,ReallySwara,"Thank youuuuuuuuuuuuu my fellow LJ sistaah!!!! ğŸ˜¬ğŸ˜¬ğŸ¤“ğŸ¤“ğŸ’œğŸ’œâœ¨âœ¨ğŸ¤—ğŸ¤—
Thank you for being there â™¥ï¸
#SwaadAnusaar",['SwaadAnusaar'],"['thank', 'youuuuuuuuuuuuu', 'fellow', 'lj', 'sistaah', 'thank']",swaad anusaar
9,2023-03-21 19:12:23+00:00,ReallySwara,Thank you Pooja ğŸ¤—â™¥ï¸,[],"['thank', 'pooja']",
10,2023-03-21 11:29:59+00:00,ReallySwara,From sarhad paar Annie rescued me in crisis. Ali who has never met me &amp; is based in Lahore managed to send me my dream outfit for a wedding finale! Makes me realise love &amp; friendship cannot be contained in borders &amp; boundaries. Feeling blessed &amp; grateful. ğŸ’•@Natrani  @ALIXEESHAN https://t.co/ZAPzoClTl3,[],"['sarhad', 'paar', 'annie', 'rescued', 'crisis', 'ali', 'ha', 'never', 'met', 'based', 'lahore', 'managed', 'send', 'dream', 'outfit', 'wedding', 'finale', 'make', 'realise', 'love', 'friendship', 'cannot', 'contained', 'border', 'boundary', 'feeling', 'blessed', 'grateful']",
11,2023-03-21 10:59:56+00:00,ReallySwara,". Ali Xeeshan not only sent Jodi outfits for @FahadZirarAhmad &amp; me, but customised them painstakingly with personalised details &amp; messages embroidered into the exquisite garments. My sarhad-paar ki bestie @Natrani came to our rescue &amp; enabled the outfits to reach Dubai. â™¥ï¸ 2/n https://t.co/vLcChhXyCW",[],"['ali', 'xeeshan', 'sent', 'jodi', 'outfit', 'customised', 'painstakingly', 'personalised', 'detail', 'message', 'embroidered', 'exquisite', 'garment', 'sarhadpaar', 'ki', 'bestie', 'came', 'rescue', 'enabled', 'outfit', 'reach', 'dubai', 'n']",
12,2023-03-21 08:20:09+00:00,ReallySwara,"My Walima outfit came all the way from Lahore via Dubai- Bombay-Delhi finally to Bareilly! Iâ€™ve long marvelled at the talent of #AliXeeshan #AliXeeshanTheatreStudio
When I called him with an idea of wearing his work @ Walima, his warmth &amp; generosity made me admire the person. 1/n https://t.co/pc9vPop70U","['AliXeeshan', 'AliXeeshanTheatreStudio']","['walima', 'outfit', 'came', 'way', 'lahore', 'via', 'dubai', 'bombaydelhi', 'finally', 'bareilly', 'ive', 'long', 'marvelled', 'talent', 'called', 'idea', 'wearing', 'work', 'walima', 'warmth', 'generosity', 'made', 'admire', 'person', 'n']",ali xeeshan  ali xeeshan theatre studio
13,2023-03-21 07:36:31+00:00,ReallySwara,@FahadZirarAhmad ğŸ¤“ğŸ¤“ğŸ¤—ğŸ¤—â™¥ï¸â™¥ï¸,[],[],
14,2023-03-21 07:35:43+00:00,ReallySwara,@mayankw14 @FahadZirarAhmad Thanks Mayank :) Enjoyed reading this piece for more than our wedding reasons.. ğŸ¤—âœ¨,[],"['thanks', 'mayank', 'enjoyed', 'reading', 'piece', 'wedding', 'reason']",
15,2023-03-20 06:51:58+00:00,ReallySwara,"Big thanks to Ms. Kiran kumari (duty manager)
And Ms. Ritu Rai (CSA) at Alliance Air counter, Delhi Airport for helping my parents board the flight to Bareilly! You made it possible for my parents to be there for my Walima Reception. ğŸ¤—ğŸ¤—ğŸ’œğŸ’œâœ¨âœ¨ğŸ™ğŸ½ğŸ™ğŸ½ @allianceair @theUdayB https://t.co/IFW9xNnJKA",[],"['big', 'thanks', 'kiran', 'kumari', 'duty', 'manager', 'ritu', 'rai', 'csa', 'alliance', 'air', 'counter', 'delhi', 'airport', 'helping', 'parent', 'board', 'flight', 'bareilly', 'made', 'possible', 'parent', 'walima', 'reception']",
16,2023-03-19 22:14:46+00:00,ReallySwara,"Arre Bhakt ji! Im
Sure you will recover speedily ğŸ¤“ğŸ¤—âœ¨ 
#SwaadAnusaar",['SwaadAnusaar'],"['arre', 'bhakt', 'ji', 'imsure', 'recover', 'speedily']",swaad anusaar
17,2023-03-19 19:42:06+00:00,ReallySwara,Thanks for coming all the way Joy! ğŸ’™âœ¨,[],"['thanks', 'coming', 'way', 'joy']",
18,2023-03-19 19:41:02+00:00,ReallySwara,Dhanyavaad Raghu ji! Aapki kami Bombay mein milkar poori karenge ğŸ™ğŸ½ğŸ™ğŸ½ğŸ¤—ğŸ¤—âœ¨âœ¨,[],"['dhanyavaad', 'raghu', 'ji', 'aapki', 'kami', 'bombay', 'mein', 'milkar', 'poori', 'karenge']",
19,2023-03-19 14:12:40+00:00,ReallySwara,"Thank you @MamataOfficial maâ€™am for your kind wishes, and gracious response to our invitation. We missed your presence at our reception but deeply appreciate this gracious gesture. ğŸ™ğŸ½ğŸ™ğŸ½ğŸ’šğŸ’š @FahadZirarAhmad @theUdayB @SankarshanT https://t.co/ECxrnkhwce",[],"['thank', 'maam', 'kind', 'wish', 'gracious', 'response', 'invitation', 'missed', 'presence', 'reception', 'deeply', 'appreciate', 'gracious', 'gesture']",
20,2023-03-19 14:08:24+00:00,ReallySwara,Yasmin ğŸ’œğŸ’œğŸ’œ,[],['yasmin'],
21,2023-03-19 14:03:23+00:00,ReallySwara,@umashankarsingh @FahadZirarAhmad Thank you Uma sir ğŸŒ¸ğŸ™ğŸ½,[],"['thank', 'uma', 'sir']",
22,2023-03-18 19:24:22+00:00,ReallySwara,"Thank you Sir ğŸ’™
Thank you for always being so warm and kind",[],"['thank', 'sir', 'thank', 'always', 'warm', 'kind']",
23,2023-03-18 18:30:07+00:00,ReallySwara,Thank you Nidhi ğŸ’œğŸ’œğŸ’œ Our catch up is due.. soonly! ğŸ¤—ğŸ¤—ğŸŒ¸ğŸŒ¸ğŸ’œğŸ’œ,[],"['thank', 'nidhi', 'catch', 'due', 'soonly']",
24,2023-03-18 18:18:38+00:00,ReallySwara,@ArvindKejriwal ğŸ™ğŸ½ğŸ™ğŸ½ğŸ™ğŸ½,[],[],
25,2023-03-18 18:18:03+00:00,ReallySwara,@SarveshMishra_ @FahadZirarAhmad @SanjayAzadSln @dilipkpandey Thank you ji :),[],"['thank', 'ji']",
26,2023-03-18 16:43:47+00:00,ReallySwara,"Thank you @RahulGandhi ji for your warm and sporting presence at our wedding reception and for being part of our joy.. Your humility and graciousness shine and everyone who interacted with you is now a fan :) 
ğŸ™ğŸ½ğŸ™ğŸ½âœ¨âœ¨ #SwaadAnusaar @FahadZirarAhmad @theUdayB https://t.co/ONJdbtKQ70",['SwaadAnusaar'],"['thank', 'ji', 'warm', 'sporting', 'presence', 'wedding', 'reception', 'part', 'joy', 'humility', 'graciousness', 'shine', 'everyone', 'interacted', 'fan']",swaad anusaar
27,2023-03-18 16:18:26+00:00,ReallySwara,Thank you @ArvindKejriwal sir for your gracious presence at our reception and for being part of our happiness.. We deeply appreciate your being with us. ğŸ™ğŸ½ğŸ™ğŸ½âœ¨âœ¨ #SwaadAnusaar @FahadZirarAhmad @theUdayB https://t.co/RTYmakDz5C,['SwaadAnusaar'],"['thank', 'sir', 'gracious', 'presence', 'reception', 'part', 'happiness', 'deeply', 'appreciate', 'u']",swaad anusaar
28,2023-03-18 08:29:56+00:00,ReallySwara,@YasminKidwai @FahadZirarAhmad Thanks for being part of our joy ğŸ’œ,[],"['thanks', 'part', 'joy']",
29,2023-03-17 15:05:33+00:00,ReallySwara,Thank you sir ğŸ™ğŸ½ğŸŒ¸âœ¨,[],"['thank', 'sir']",
30,2023-03-17 14:55:05+00:00,ReallySwara,Thank you so much Anita maâ€™am ğŸ™ğŸ½ğŸ’œâœ¨,[],"['thank', 'much', 'anita', 'maam']",
31,2023-03-17 14:36:42+00:00,ReallySwara,Thanks for being there Sakshi ji â™¥ï¸âœ¨,[],"['thanks', 'sakshi', 'ji']",
32,2023-03-17 14:35:13+00:00,ReallySwara,Thank you so much Shashi sir! Was our pleasure to have you share in our celebrations.. Thanks for making the time and for the kind wishes.. ğŸ™ğŸ½ğŸ™ğŸ½âœ¨âœ¨,[],"['thank', 'much', 'shashi', 'sir', 'wa', 'pleasure', 'share', 'celebration', 'thanks', 'making', 'time', 'kind', 'wish']",
33,2023-03-17 14:29:42+00:00,ReallySwara,Thank you so much Supriya maâ€™am ğŸ’œâœ¨ Thank you for your warmth and graciousness.. you are amazing ! ğŸ˜ğŸ¤—,[],"['thank', 'much', 'supriya', 'maam', 'thank', 'warmth', 'graciousness', 'amazing']",
34,2023-03-17 14:16:15+00:00,ReallySwara,@KotwalMeena @FahadZirarAhmad thank you à¤®à¥€à¤¨à¤¾ à¤œà¥€ ğŸ’™âœ¨,[],['thank'],
35,2023-03-17 14:15:14+00:00,ReallySwara,@NehaYadavBHU @FahadZirarAhmad Thank you à¤¨à¥‡à¤¹à¤¾ à¤œà¥€ ğŸ™ğŸ½ğŸŒ¸âœ¨,[],['thank'],
36,2023-03-17 14:14:15+00:00,ReallySwara,à¤§à¤¨à¥à¤¯à¤µà¤¾à¤¦ à¤¶à¥à¤¯à¤¾à¤® à¤œà¥€! ğŸ™ğŸ½ğŸŒ¸âœ¨,[],[],
37,2023-03-16 12:11:40+00:00,ReallySwara,"Thank you Prakash ji! ğŸ™ğŸ½âœ¨
Thank you for joining and sharing in our joy! ğŸŒ¸âœ¨",[],"['thank', 'prakash', 'ji', 'thank', 'joining', 'sharing', 'joy']",
38,2023-03-16 09:37:09+00:00,ReallySwara,@meGauravDwivedi @yadavakhilesh @FahadZirarAhmad Thanks for your help ğŸ™ğŸ½,[],"['thanks', 'help']",
39,2023-03-16 08:47:09+00:00,ReallySwara,Happy &amp; honoured to welcome Shri @yadavakhilesh ji to #SwaadAnusaar festivities #QawwaliNight .. Used the opportunity to fulfil Pradeep bhaiyyaâ€™s dream of a pic with his leader.. i also shared my woes about my party pooper Dad to a gracious &amp; sporting Akhilesh ji ğŸ¤­ğŸ¤“ @theUdayB https://t.co/9kzH6C27CF,"['SwaadAnusaar', 'QawwaliNight']","['happy', 'honoured', 'welcome', 'shri', 'ji', 'festivity', 'used', 'opportunity', 'fulfil', 'pradeep', 'bhaiyyas', 'dream', 'pic', 'leader', 'also', 'shared', 'woe', 'party', 'pooper', 'dad', 'gracious', 'sporting', 'akhilesh', 'ji']",swaad anusaar  qawwali night
40,2023-03-16 08:13:47+00:00,ReallySwara,"à¤¬à¤¹à¥à¤¤ à¤§à¤¨à¥à¤¯à¤µà¤¾à¤¦ à¤†à¤ªà¤•à¤¾ @yadavakhilesh sirà¥¤ à¤†à¤ª à¤¹à¤®à¤¾à¤°à¥€ à¤–à¤¼à¥à¤¶à¤¿à¤¯à¥‹à¤‚ à¤®à¥‡à¤‚ à¤¶à¤°à¥€à¤•à¤¼ à¤¹à¥à¤, à¤¹à¤® à¤†à¤ªà¤•à¥‡ à¤†à¤­à¤¾à¤°à¥€ à¤¹à¥ˆà¤‚à¥¤ Thank you for making our celebrations even more special. ğŸ™ğŸ½âœ¨ @FahadZirarAhmad @theUdayB",[],"['sir', 'thank', 'making', 'celebration', 'even', 'special']",
41,2023-03-16 08:08:27+00:00,ReallySwara,"Hello Shauhar! ğŸ˜â™¥ï¸ @FahadZirarAhmad 
#QawwaliNight #BaraatWelcome #SwaadAnusaar 
Pic: Tarun Chawla Photography https://t.co/Ch4FheqXKL","['QawwaliNight', 'BaraatWelcome', 'SwaadAnusaar']","['hello', 'shauhar', 'pic', 'tarun', 'chawla', 'photography']",qawwali night  baraat welcome  swaad anusaar
42,2023-03-15 14:39:34+00:00,ReallySwara,"Dad and my uncles performing at the #SwaadAnusaar Sangeet! 
@theUdayB showing is that sailors can shake a leg too! ğŸ˜‰ğŸ¤—â™¥ï¸ @FahadZirarAhmad https://t.co/ODHvVFSk3q",['SwaadAnusaar'],"['dad', 'uncle', 'performing', 'sangeet', 'showing', 'sailor', 'shake', 'leg']",swaad anusaar
43,2023-03-15 12:07:26+00:00,ReallySwara,@Neerajgarg001 @FahadZirarAhmad Thank you ğŸ™ğŸ½âœ¨,[],['thank'],
44,2023-03-15 12:05:24+00:00,ReallySwara,Amen to that Arfi! Thank you ğŸ’œâœ¨,[],"['amen', 'arfi', 'thank']",
45,2023-03-15 12:03:39+00:00,ReallySwara,@nuristan97 @mohd_uved @FahadZirarAhmad Thank you ğŸ™ğŸ½ğŸ™ğŸ½âœ¨âœ¨,[],['thank'],
46,2023-03-15 12:02:27+00:00,ReallySwara,Miss you SO much behen!!!! ğŸ’œğŸ’œğŸ’œ,[],"['miss', 'much', 'behen']",
47,2023-03-15 12:00:37+00:00,ReallySwara,@theRahimKhan @FahadZirarAhmad Thank you ğŸ™ğŸ½ğŸ™ğŸ½âœ¨âœ¨,[],['thank'],
48,2023-03-15 12:00:09+00:00,ReallySwara,Thank you Onir! Missing you ğŸ’œ,[],"['thank', 'onir', 'missing']",
49,2023-03-15 09:11:34+00:00,ReallySwara,"Feeling the bling âœ¨ 
#SwaadAnusaar 
â€¢
Outfit - Heena Kochhar
Juttis - Sana Fazal
Jewellery - Khanna Jewellers https://t.co/oDkrKisWcj",['SwaadAnusaar'],"['feeling', 'bling', 'outfit', 'heena', 'kochharjuttis', 'sana', 'fazaljewellery', 'khanna', 'jeweller']",swaad anusaar
50,2023-03-15 08:24:40+00:00,ReallySwara,"Mehendi Ki Raat, Sangeet Ke Saath!
#SwaadAnusaar 
@FahadZirarAhmad https://t.co/aoGi80EMcZ",['SwaadAnusaar'],"['mehendi', 'ki', 'raat', 'sangeet', 'ke', 'saath']",swaad anusaar
51,2023-03-14 10:01:36+00:00,ReallySwara,"Music is the language of love. ğŸ¶ â™¥ï¸ Carnatic vocal recital at the #SwaadAnusaar wedding festivities!
â€¢
Saree by Raw Mango https://t.co/BdT4F54rMT",['SwaadAnusaar'],"['music', 'language', 'love', 'carnatic', 'vocal', 'recital', 'wedding', 'festivity', 'saree', 'raw', 'mango']",swaad anusaar
52,2023-03-13 21:22:30+00:00,ReallySwara,@TedhiLakeer @theUdayB His phone is his primary relationship ğŸ˜‰,[],"['phone', 'primary', 'relationship']",
53,2023-03-12 11:54:10+00:00,ReallySwara,"Hereâ€™s to celebrating all the colours of life together. #SwaadAnusaar
@FahadZirarAhmad https://t.co/oCgvTJYfhI",['SwaadAnusaar'],"['celebrating', 'colour', 'life', 'together']",swaad anusaar
54,2023-03-06 18:46:09+00:00,ReallySwara,Thank you Sangeeta ji ğŸ™ğŸ½âœ¨,[],"['thank', 'sangeeta', 'ji']",
55,2023-03-03 14:38:13+00:00,ReallySwara,@sarayupani ğŸ¤£ğŸ¤£ğŸ¤£ğŸ¤—ğŸ¤—ğŸ¤—,[],[],
56,2023-03-02 12:06:46+00:00,ReallySwara,"â€œLet them not just be a Hindu-Muslim couple who got married when Hindu-Muslim unity is no longer in vogue. That is our burden to bear, not theirs to keep.â€ ğŸ¥ºğŸ¥ºğŸ’œğŸ’œ Thought provoking piece by @ToufiqRashid",[],"['let', 'hindumuslim', 'couple', 'got', 'married', 'hindumuslim', 'unity', 'longer', 'vogue', 'burden', 'bear', 'keep', 'thought', 'provoking', 'piece']",
57,2023-03-02 09:38:10+00:00,ReallySwara,"Happy happy birthday to the coolest cat in the jungle, resident scrabble expert &amp; ozone layer for many an explosive crisis! @theUdayB You make the 70â€™s look good!! ğŸ˜ğŸ˜ğŸ¤—ğŸ¤—â™¥ï¸â™¥ï¸
Have a great day &amp; blessed year &amp; May your progeny harass you less, one in particular! :) Love you Dad. https://t.co/JCNtGVBM3x",[],"['happy', 'happy', 'birthday', 'coolest', 'cat', 'jungle', 'resident', 'scrabble', 'expert', 'ozone', 'layer', 'many', 'explosive', 'crisis', 'make', 'look', 'good', 'great', 'day', 'blessed', 'year', 'may', 'progeny', 'harass', 'le', 'one', 'particular', 'love', 'dad']",
58,2023-02-27 18:16:54+00:00,ReallySwara,"ğŸ¤“ğŸ¤“ğŸ¤“ğŸ¤“ This kid is a rock star 
â™¥ï¸â™¥ï¸â™¥ï¸",[],"['kid', 'rock', 'star']",
59,2023-02-24 13:00:23+00:00,ReallySwara,"Haters: suitcase, fridge, illegitimate, conversion blah..blah.. blah..
Us: ğŸ˜ğŸ˜ğŸ˜
@FahadZirarAhmad @hargunspeaks @arishqamar @sinjini_m @AamirAzizJmi https://t.co/IeTruOXXdV",[],"['hater', 'suitcase', 'fridge', 'illegitimate', 'conversion', 'blah', 'blah', 'blah', 'u']",
60,2023-02-24 06:53:27+00:00,ReallySwara,Happy happy birthday @rohini_sgh ğŸ’œğŸ¤—âœ¨ Keep sparkling! âœ¨âœ¨ğŸ¥³ğŸ¥³ https://t.co/yzTRZdMj8H,[],"['happy', 'happy', 'birthday', 'keep', 'sparkling']",
61,2023-02-24 06:48:14+00:00,ReallySwara,"Vivek Agnihotri name-calling, swearing at, accusing Muslim citizens on public platforms simply because they are Muslim is a glaring example of how vile, poisoned, bigoted &amp; majoritarian our public discourse has become in â€˜New Indiaâ€™. Sickening. @_sayema @zoo_bear @hussainhaidry",[],"['vivek', 'agnihotri', 'namecalling', 'swearing', 'accusing', 'muslim', 'citizen', 'public', 'platform', 'simply', 'muslim', 'glaring', 'example', 'vile', 'poisoned', 'bigoted', 'majoritarian', 'public', 'discourse', 'ha', 'become', 'new', 'india', 'sickening']",
62,2023-02-23 18:32:52+00:00,ReallySwara,@shammybaweja @TOIPlus ğŸ’œğŸ¤—,[],[],
63,2023-02-23 16:44:20+00:00,ReallySwara,@Alka_Dhupkar @FahadZirarAhmad Thank you Alka ji ğŸ™ğŸ½ğŸ¤—âœ¨,[],"['thank', 'alka', 'ji']",
64,2023-02-22 18:39:59+00:00,ReallySwara,@AmyKazmin @JustNandni @FahadZirarAhmad @theUdayB Thanks Amy ğŸ¤—,[],"['thanks', 'amy']",
65,2023-02-22 18:39:12+00:00,ReallySwara,@khaya_hmm @FahadZirarAhmad Thank you ğŸ™ğŸ½âœ¨,[],['thank'],
66,2023-02-22 18:30:20+00:00,ReallySwara,ğŸ¤£ğŸ¤£ğŸ¤£,[],[],
67,2023-02-22 05:16:56+00:00,ReallySwara,@MasalaBai @theUdayB ğŸ˜‚ğŸ˜‚ğŸ¤ªğŸ¤ª,[],[],
68,2023-02-22 05:12:31+00:00,ReallySwara,ğŸ’œğŸ’œğŸ’œ,[],[],
69,2023-02-22 05:07:39+00:00,ReallySwara,@theUdayB @JustNandni ğŸ¤“ğŸ¤“ğŸ¤—ğŸ¤—,[],[],
70,2023-02-21 14:54:08+00:00,ReallySwara,"Boycott gang, Haggaa, Gems of Bollywood etc. ko Badhaaii ğŸ™ğŸ½ğŸ™ğŸ½ğŸ™ğŸ½",[],"['boycott', 'gang', 'haggaa', 'gem', 'bollywood', 'etc', 'ko', 'badhaaii']",
71,2023-02-21 14:48:06+00:00,ReallySwara,Happy happy birthday @abufarhanazmi ! Have the best year ğŸ¥³ğŸ™ğŸ½âœ¨,[],"['happy', 'happy', 'birthday', 'best', 'year']",
72,2023-02-21 14:46:56+00:00,ReallySwara,"Oh God! Dad your irreplaceable jute bag &amp; your incorrigible habit of taking it EVERYWHERE has made it to the Internet! ğŸ™ˆğŸ™ˆğŸ¤£ğŸ¤£ğŸ¤“ğŸ¤“ @theUdayB 
Thank you Nandni for the wishes and for the publicity of my Dadâ€™s beloved jute bag! ğŸ’œğŸ¤—",[],"['oh', 'god', 'dad', 'irreplaceable', 'jute', 'bag', 'incorrigible', 'habit', 'taking', 'everywhere', 'ha', 'made', 'internet', 'thank', 'nandni', 'wish', 'publicity', 'dad', 'beloved', 'jute', 'bag']",
73,2023-02-21 11:06:37+00:00,ReallySwara,Do read!,[],['read'],
74,2023-02-21 10:48:22+00:00,ReallySwara,Thank you sooooooo much Raveena jiiiiiii! Lots of love ğŸ¤—ğŸ¤—ğŸ¤—ğŸ’œğŸ’œğŸ’œğŸ™ğŸ½ğŸ™ğŸ½ğŸ™ğŸ½,[],"['thank', 'sooooooo', 'much', 'raveena', 'jiiiiiii', 'lot', 'love']",
75,2023-02-20 18:08:04+00:00,ReallySwara,@AdnanAliKhan555 ğŸ™ğŸ½ğŸ™ğŸ½ğŸ’œğŸ’œ,[],[],
76,2023-02-20 10:19:54+00:00,ReallySwara,@Nattashasharrma @FahadZirarAhmad ğŸ™ğŸ½ğŸ™ğŸ½ğŸ¤—ğŸ¤—ğŸ’œğŸ’œ,[],[],
77,2023-02-20 08:08:10+00:00,ReallySwara,Thank you Dev! ğŸ™ğŸ½ğŸ™ğŸ½ğŸ™ğŸ½âœ¨âœ¨âœ¨,[],"['thank', 'dev']",
78,2023-02-19 20:50:36+00:00,ReallySwara,ğŸ¤“ğŸ¤“ğŸ™ğŸ½ğŸ™ğŸ½âœ¨âœ¨,[],[],
79,2023-02-19 20:27:26+00:00,ReallySwara,Thank you sir ğŸ¤—ğŸ¤—ğŸ’œğŸ’œ,[],"['thank', 'sir']",
80,2023-02-19 19:23:33+00:00,ReallySwara,Bahut dhanyavaad sir â˜ºï¸â˜ºï¸ğŸ™ğŸ½ğŸ™ğŸ½âœ¨âœ¨,[],"['bahut', 'dhanyavaad', 'sir']",
81,2023-02-19 15:55:13+00:00,ReallySwara,ğŸ¤—ğŸ¤—ğŸ’œğŸ’œ See you at the celebrations!!,[],"['see', 'celebration']",
82,2023-02-19 15:43:38+00:00,ReallySwara,Thank you so much sir ğŸ™ğŸ½ğŸ™ğŸ½âœ¨âœ¨,[],"['thank', 'much', 'sir']",
83,2023-02-19 14:06:18+00:00,ReallySwara,"Dad I think you mean @DeepikaLeo 
ğŸ¤—ğŸ¤—ğŸ¤—",[],"['dad', 'think', 'mean']",
84,2023-02-18 21:00:52+00:00,ReallySwara,@sakshijoshii @Saurabh_MLAgk @FahadZirarAhmad ğŸ’œğŸ’œğŸ’œ,[],[],
85,2023-02-18 21:00:13+00:00,ReallySwara,@sibinmohan ğŸ˜ˆğŸ˜ˆğŸ¤—ğŸ¤—,[],[],
86,2023-02-18 20:54:54+00:00,ReallySwara,@AneeshaBedi Thank you Aneesha ğŸ’œ,[],"['thank', 'aneesha']",
87,2023-02-18 19:53:10+00:00,ReallySwara,"@Live_Gyan DJ, dhol
Sab bulavaiye :) ğŸ™ğŸ½âœ¨",[],"['dj', 'dholsab', 'bulavaiye']",
88,2023-02-18 17:50:54+00:00,ReallySwara,@MitraDebu1 ğŸ’œğŸ’œğŸ’œ,[],[],
89,2023-02-18 17:47:43+00:00,ReallySwara,Samanvay has read every thought in my head ğŸ¤£ğŸ¤£ğŸ¤£ğŸ¤—ğŸ¤—ğŸ¤—,[],"['samanvay', 'ha', 'read', 'every', 'thought', 'head']",
90,2023-02-18 14:36:17+00:00,ReallySwara,@rubenmasc @FahadZirarAhmad Thank u ğŸ™ğŸ½ ğŸ¤—,[],"['thank', 'u']",
91,2023-02-18 14:35:33+00:00,ReallySwara,@nanditadas @FahadZirarAhmad Thank you Nandita ğŸ’œğŸ’œğŸ¤—ğŸ’•,[],"['thank', 'nandita']",
92,2023-02-18 14:35:01+00:00,ReallySwara,@saliltripathi @FahadZirarAhmad Thanks sir ğŸ¤—,[],"['thanks', 'sir']",
93,2023-02-18 14:34:40+00:00,ReallySwara,@avidandiya @FahadZirarAhmad ğŸ™ğŸ½ğŸ™ğŸ½âœ¨âœ¨,[],[],
94,2023-02-18 14:34:20+00:00,ReallySwara,@anniezaidi Thanks Annie ğŸ’œ,[],"['thanks', 'annie']",
95,2023-02-18 14:34:03+00:00,ReallySwara,@CourtUnquote @FahadZirarAhmad ğŸ’•ğŸ’•,[],[],
96,2023-02-18 14:33:44+00:00,ReallySwara,. @_sayema is a gem! â™¥ï¸â™¥ï¸â™¥ï¸,[],['gem'],
97,2023-02-18 14:33:13+00:00,ReallySwara,@deepsealioness ğŸ¤ªğŸ¤ªğŸ¤—ğŸ¤—,[],[],
98,2023-02-18 14:32:37+00:00,ReallySwara,@PrezzVerde Hahahahaha! ğŸ¤£ğŸ¤—,[],['hahahahaha'],
99,2023-02-18 14:32:10+00:00,ReallySwara,@FRanawat @FahadZirarAhmad ğŸ’œğŸ’œğŸ’œ,[],[],
100,2023-02-18 14:31:28+00:00,ReallySwara,@nikhilsharma_77 Bahut shukriya :) ğŸ’•ğŸ¤—,[],"['bahut', 'shukriya']",
101,2023-02-18 14:29:41+00:00,ReallySwara,@ndcnn ğŸ¤—ğŸ¤—ğŸ¤—,[],[],
102,2023-02-18 14:29:03+00:00,ReallySwara,@namratazakaria Thanks Namrata â™¥ï¸â™¥ï¸ğŸ¤—ğŸ¤—,[],"['thanks', 'namrata']",
103,2023-02-18 14:27:17+00:00,ReallySwara,@sanjukta @FahadZirarAhmad ğŸ’œ,[],[],
104,2023-02-18 14:26:47+00:00,ReallySwara,@DollyBindra Thanks dolly. ğŸ¤—,[],"['thanks', 'dolly']",
105,2023-02-18 14:25:52+00:00,ReallySwara,@arpitachatter @FahadZirarAhmad ğŸ’œğŸ’œğŸ’œğŸ’œ,[],[],
106,2023-02-18 14:24:22+00:00,ReallySwara,@iamthedrifter @FahadZirarAhmad @theUdayB Thank you Ayesha ji ğŸ’œ,[],"['thank', 'ayesha', 'ji']",
107,2023-02-18 14:24:01+00:00,ReallySwara,@nsaibalaji @FahadZirarAhmad Thanks Balaji ğŸ¤—,[],"['thanks', 'balaji']",
108,2023-02-18 14:23:36+00:00,ReallySwara,Love and strength to you ğŸ’œğŸ¤—,[],"['love', 'strength']",
109,2023-02-18 14:22:52+00:00,ReallySwara,@ADTSinghSharma @FahadZirarAhmad @theUdayB Thank u â˜ºï¸ğŸ’œ,[],"['thank', 'u']",
110,2023-02-18 14:21:49+00:00,ReallySwara,@SarcasticRofl @FahadZirarAhmad ğŸ¤£ğŸ¤£ğŸ¤£ğŸ¤£,[],[],
111,2023-02-18 14:20:11+00:00,ReallySwara,"OMG! Feel so small after reading this Deepika ğŸ¤—ğŸ¤—ğŸ’œğŸ’œ
What an uplifting turn of phrase you have.. ğŸ‘ğŸ½ğŸ‘ğŸ½ğŸ‘ğŸ½ 
Thinking of scaling down the celebrations in March now! ğŸ¤ªğŸ™ˆğŸ¤£
Seriously though.. lots of love ğŸ’•",[],"['omg', 'feel', 'small', 'reading', 'deepika', 'uplifting', 'turn', 'phrase', 'thinking', 'scaling', 'celebration', 'march', 'seriously', 'though', 'lot', 'love']",
112,2023-02-18 14:15:16+00:00,ReallySwara,@RiaRevealed @FahadZirarAhmad ğŸ¤—ğŸ¤—ğŸ’œğŸ’œ thank you Ria,[],"['thank', 'ria']",
113,2023-02-18 14:11:03+00:00,ReallySwara,Thank you Jitendra sir ğŸ™ğŸ½âœ¨,[],"['thank', 'jitendra', 'sir']",
114,2023-02-18 14:09:05+00:00,ReallySwara,@nituchandra Thanks Nitu ğŸ’•,[],"['thanks', 'nitu']",
115,2023-02-18 14:08:03+00:00,ReallySwara,Thank you Dia ğŸ’œğŸ’œğŸ¤—ğŸ¤—,[],"['thank', 'dia']",
116,2023-02-18 14:07:23+00:00,ReallySwara,@azizkavish ğŸ’œ,[],[],
117,2023-02-18 14:05:47+00:00,ReallySwara,@abufarhanazmi @FahadZirarAhmad Thank you and thanks for being there âœ¨âœ¨ğŸ™ğŸ½ğŸ™ğŸ½,[],"['thank', 'thanks']",
118,2023-02-18 14:05:06+00:00,ReallySwara,@jayantjigyasu @FahadZirarAhmad ğŸ™ğŸ½ğŸ™ğŸ½âœ¨âœ¨,[],[],
119,2023-02-18 14:04:25+00:00,ReallySwara,@KasthuriShankar @FahadZirarAhmad ğŸ¤—ğŸ¤£ğŸ’œ,[],[],
120,2023-02-18 13:58:48+00:00,ReallySwara,@Shehla_Rashid @UrmilaMatondkar @FahadZirarAhmad ğŸ’œğŸ’œğŸ’™ğŸ’™,[],[],
121,2023-02-18 13:55:04+00:00,ReallySwara,@hiyer @FahadZirarAhmad Thanks Harish ğŸ’™,[],"['thanks', 'harish']",
122,2023-02-18 13:54:32+00:00,ReallySwara,ğŸ’™ğŸ’™ğŸ’™,[],[],
123,2023-02-18 13:53:14+00:00,ReallySwara,@iamrana @FahadZirarAhmad Thank u maâ€™am ğŸ’œ,[],"['thank', 'u', 'maam']",
124,2023-02-18 13:51:11+00:00,ReallySwara,@dhanyarajendran @FahadZirarAhmad Of course there has to be a cat! ğŸ¤—ğŸ˜» Thanks Dhanya ğŸ’œ,[],"['course', 'ha', 'cat', 'thanks', 'dhanya']",
125,2023-02-18 13:48:41+00:00,ReallySwara,@guneetm @FahadZirarAhmad @theUdayB ğŸ’•ğŸ’•ğŸ’•,[],[],
126,2023-02-18 13:39:35+00:00,ReallySwara,@Nidhi ğŸ’œğŸ’œğŸ’œ,[],[],
127,2023-02-18 13:33:26+00:00,ReallySwara,@sarayupani ğŸ’œ,[],[],
128,2023-02-18 11:48:34+00:00,ReallySwara,@baxiabhishek @FahadZirarAhmad ğŸ’œğŸ’œğŸ’œ,[],[],
129,2023-02-18 11:30:39+00:00,ReallySwara,Thank you Joy ğŸ¤—ğŸ¤—ğŸ™ğŸ½ğŸ™ğŸ½âœ¨âœ¨,[],"['thank', 'joy']",
130,2023-02-18 11:30:16+00:00,ReallySwara,@Joydas Hahahaha ğŸ¤—âœ¨,[],['hahahaha'],
131,2023-02-18 11:26:58+00:00,ReallySwara,@darab_farooqui @FahadZirarAhmad What beautiful &amp; uplifting words Darab ğŸ’œğŸ’œğŸ’œ,[],"['beautiful', 'uplifting', 'word', 'darab']",
132,2023-02-18 11:24:41+00:00,ReallySwara,@darab_farooqui @FahadZirarAhmad ğŸ™ğŸ½ğŸ™ğŸ½ğŸ¤—ğŸ¤—ğŸ’•ğŸ’•,[],[],
133,2023-02-18 11:23:53+00:00,ReallySwara,Thank you Kangana! ğŸ’• May you have every happiness and joy ğŸ¤—ğŸ’œ,[],"['thank', 'kangana', 'may', 'every', 'happiness', 'joy']",
134,2023-02-18 10:46:15+00:00,ReallySwara,@seemay @thewire_in ğŸ¤—ğŸ¤—ğŸ¤—ğŸ¤—,[],[],
135,2023-02-18 10:45:29+00:00,ReallySwara,@iycmahe @FahadZirarAhmad Thank you Mahendran ji ğŸ™ğŸ½ğŸ˜Šâœ¨,[],"['thank', 'mahendran', 'ji']",
136,2023-02-18 10:43:52+00:00,ReallySwara,@hemantogale @FahadZirarAhmad Thank you ğŸ™ğŸ½âœ¨,[],['thank'],
137,2023-02-18 10:42:41+00:00,ReallySwara,@ShyamMeeraSingh @SureshChavhanke ğŸ¤£ğŸ¤£ğŸ¤£ğŸ¤£ğŸ¤£,[],[],
138,2023-02-18 10:42:11+00:00,ReallySwara,"ğŸ’œğŸ’œğŸ¤—ğŸ¤— 
Video Edited by the gifted Saahil Singh Yaduvanshi",[],"['video', 'edited', 'gifted', 'saahil', 'singh', 'yaduvanshi']",
139,2023-02-18 10:41:33+00:00,ReallySwara,ğŸ’œğŸ’œğŸ¤—ğŸ¤—,[],[],
140,2023-02-18 10:41:10+00:00,ReallySwara,@JournalistNDTV @FahadZirarAhmad ğŸ™ğŸ½ğŸ™ğŸ½âœ¨âœ¨,[],[],
141,2023-02-18 10:40:56+00:00,ReallySwara,@ShaikhSahab__ @FahadZirarAhmad @yadavakhilesh @samajwadiparty @abuasimazmi @AyubShekason @EEMRANJUM @Shakirali009 @Vicky_kh1 @Rehan_Alam3 @Rizzushaikh_143 @Chaman957595 @CHANDRAKAMALSO1 @FuzailAhmedSid3 @manzaryaar ğŸ™ğŸ½âœ¨,[],[],
142,2023-02-18 10:40:42+00:00,ReallySwara,@PoonamJoshi_ ğŸ’œğŸ’œğŸ¤—ğŸ¤—,[],[],
143,2023-02-18 10:40:21+00:00,ReallySwara,Thank uuuuuuuuuu Urmila maâ€™am! Lots of love ğŸ™ğŸ½ğŸ™ğŸ½ğŸ’•ğŸ’•ğŸ¤—ğŸ¤—,[],"['thank', 'uuuuuuuuuu', 'urmila', 'maam', 'lot', 'love']",
144,2023-02-18 10:39:42+00:00,ReallySwara,@vishal_gtm_11 @FahadZirarAhmad ğŸ™ğŸ½ğŸ™ğŸ½âœ¨âœ¨ğŸ¤—ğŸ¤—,[],[],
145,2023-02-18 10:39:25+00:00,ReallySwara,Sonam is a darling! â™¥ï¸âœ¨,[],"['sonam', 'darling']",
146,2023-02-18 10:38:26+00:00,ReallySwara,Thank you Saurabh sir! See you at the celebrations ğŸ™ğŸ½ğŸ™ğŸ½ğŸ¤—ğŸ¤—âœ¨âœ¨,[],"['thank', 'saurabh', 'sir', 'see', 'celebration']",
147,2023-02-18 10:37:54+00:00,ReallySwara,@WasiuddinSiddi1 @FahadZirarAhmad ğŸ¤£ğŸ¤£ğŸ™ğŸ½ğŸ™ğŸ½,[],[],
148,2023-02-18 10:37:10+00:00,ReallySwara,@abbasnaqviinc @FahadZirarAhmad Thank you! âœ¨,[],['thank'],
149,2023-02-18 10:36:47+00:00,ReallySwara,ğŸ’œâœ¨ğŸ™ğŸ½,[],[],
150,2023-02-18 10:35:47+00:00,ReallySwara,"Bahut shukriya sir ğŸ™ğŸ½ğŸ™ğŸ½âœ¨âœ¨
Thank you for making the time to come wish us! ğŸ™ğŸ½âœ¨ @FahadZirarAhmad",[],"['bahut', 'shukriya', 'sir', 'thank', 'making', 'time', 'come', 'wish', 'u']",
151,2023-02-18 10:33:58+00:00,ReallySwara,@ActivistSandeep @FahadZirarAhmad Shukriya ğŸ™ğŸ½âœ¨,[],['shukriya'],
152,2023-02-18 10:33:33+00:00,ReallySwara,@NSMlive Thank you sir! I remember my time in Kochi very fondly too ğŸ’œ,[],"['thank', 'sir', 'remember', 'time', 'kochi', 'fondly']",
153,2023-02-18 10:32:59+00:00,ReallySwara,@mcshivanisen ğŸ’œğŸ’œğŸ¤—ğŸ¤—,[],[],
154,2023-02-18 10:32:26+00:00,ReallySwara,@ArbaazkhanINC @FahadZirarAhmad Thank you ğŸ™ğŸ½ âœ¨,[],['thank'],
155,2023-02-17 08:46:39+00:00,ReallySwara,Good strategy buddy! I see you are a fast learner ğŸ¤“ğŸ¤“ğŸ¤£ğŸ¤£ğŸ¤—ğŸ¤—ğŸ¥°ğŸ¥°â™¥ï¸â™¥ï¸,[],"['good', 'strategy', 'buddy', 'see', 'fast', 'learner']",
156,2023-02-17 03:56:02+00:00,ReallySwara,"Three cheers for the #SpecialMarriageAct (despite notice period etc.) At least it exists &amp; gives love a chanceâ€¦ The right to love, the right to choose your life partner, the right to marry, the right to agency these should not be a privilege.
@FahadZirarAhmad 
 âœ¨âœ¨âœ¨â™¥ï¸â™¥ï¸â™¥ï¸ https://t.co/4wORvgSKDR",['SpecialMarriageAct'],"['three', 'cheer', 'despite', 'notice', 'period', 'etc', 'least', 'exists', 'give', 'love', 'chance', 'right', 'love', 'right', 'choose', 'life', 'partner', 'right', 'marry', 'right', 'agency', 'privilege']",special marriage act
157,2023-02-17 03:35:29+00:00,ReallySwara,"So blessed to be supported and cheered by the love of family and friends like family! Wore my motherâ€™s sari &amp; her jewellery.. made @FahadZirarAhmad  wear colour :) and we registered under the #SpecialMarriageAct
Now to prep for shehnaii-wala shaadi â™¥ï¸âœ¨
@theUdayB https://t.co/YwLS5ARbj4",['SpecialMarriageAct'],"['blessed', 'supported', 'cheered', 'love', 'family', 'friend', 'like', 'family', 'wore', 'mother', 'sari', 'jewellery', 'made', 'wear', 'colour', 'registered', 'prep', 'shehnaiiwala', 'shaadi']",special marriage act
158,2023-02-16 18:48:36+00:00,ReallySwara,"Confessions of a to-be-bride /new bride! ğŸ¤ªğŸ¤“ğŸ¥³ğŸ’œ
We still have a full set of wedding celebrations to planâ€¦ canâ€™t decide how frugal Iâ€™m gonna be ğŸ¤£ğŸ¤£ğŸ¤£",[],"['confession', 'tobebride', 'new', 'bride', 'still', 'full', 'set', 'wedding', 'celebration', 'plan', 'cant', 'decide', 'frugal', 'im', 'gonna']",
159,2023-02-16 11:52:34+00:00,ReallySwara,@FahadZirarAhmad Cutie! â™¥ï¸â™¥ï¸ğŸ¤—ğŸ¤—,[],['cutie'],
160,2023-02-16 11:13:04+00:00,ReallySwara,"Sometimes you search far &amp; wide for something that was right next to you all along. We were looking for love, but we found friendship first. And then we found each other!
Welcome to my heart @FahadZirarAhmad Itâ€™s chaotic but itâ€™s yours! â™¥ï¸âœ¨ğŸ§¿ https://t.co/GHh26GODbm",[],"['sometimes', 'search', 'far', 'wide', 'something', 'wa', 'right', 'next', 'along', 'looking', 'love', 'found', 'friendship', 'first', 'found', 'welcome', 'heart', 'chaotic']",
161,2023-02-11 10:31:17+00:00,ReallySwara,"The Covid crisis laid bare the reality of our cities &amp; their delicately balanced internal ecosystems, providing a precarious existence not just for urban residents but also countless migrants. Looking fwd to reading this imp book by Sh. @varungandhi80 abt Indiaâ€™s urban reality âœ¨",[],"['covid', 'crisis', 'laid', 'bare', 'reality', 'city', 'delicately', 'balanced', 'internal', 'ecosystem', 'providing', 'precarious', 'existence', 'urban', 'resident', 'also', 'countless', 'migrant', 'looking', 'fwd', 'reading', 'imp', 'book', 'sh', 'abt', 'india', 'urban', 'reality']",
162,2023-02-10 17:38:05+00:00,ReallySwara,"à¤¬à¤¹à¥à¤¤ à¤§à¤¨à¥à¤¯à¤µà¤¾à¤¦ @bhupeshbaghel sir à¤•à¤¾ à¤¹à¤®à¥‡à¤‚ à¤¸à¤®à¤¯ à¤¦à¥‡à¤¨à¥‡ à¤•à¥‡ à¤²à¤¿à¤¯à¥‡à¥¤ à¤”à¤° à¤–à¤¼à¥‚à¤¬à¤¸à¥‚à¤°à¤¤ à¤›à¤¤à¥à¤¤à¥€à¤¸à¤—à¤¢à¤¼à¥€ à¤¹à¤¸à¥à¤¤à¤¶à¤¿à¤²à¥à¤ª, à¤•à¥‹à¤¸à¤¾ à¤¸à¤¿à¤²à¥à¤•à¤¼ à¤¸à¤¾à¤¡à¤¼à¥€ à¤”à¤° organic à¤…à¤¨à¤¾à¤œ à¤•à¥€ à¤­à¥‡à¤‚à¤Ÿ à¤•à¥‡ à¤²à¤¿à¤ à¤­à¥€ à¤¬à¤¹à¥à¤¤ à¤¶à¥à¤•à¥à¤°à¤¿à¤¯à¤¾à¥¤ 
indeed â€œà¤›à¤¤à¥à¤¤à¥€à¤¸à¤—à¤¢à¤¼à¤¿à¤¯à¤¾, à¤¸à¤¬à¤²à¥‡ à¤¬à¤¢à¤¼à¤¿à¤¯à¤¾!â€ ğŸ™ğŸ½âœ¨",[],"['sir', 'organic', 'indeed']",
163,2023-02-10 17:31:04+00:00,ReallySwara,"à¤†à¤œ à¤¶à¥à¤°à¥€ @bhupeshbaghel à¤œà¥€ à¤¸à¥‡ à¤®à¤¿à¤²à¤¨à¥‡ à¤•à¤¾ à¤¸à¥Œà¤œà¤¨à¥à¤¯ à¤¹à¥à¤†à¥¤ à¤¹à¤®à¤¾à¤°à¥€ à¤«à¤¼à¤¿à¤²à¥à¤® #MrsFalani à¤°à¤¾à¤œà¥à¤¯ à¤®à¥‡à¤‚ à¤¶à¥‚à¤Ÿ à¤¹à¥‹ à¤°à¤¹à¥€ à¤¹à¥ˆ, à¤ªà¥à¤°à¤¶à¤¾à¤¸à¤¨ &amp; à¤œà¤¨à¤¤à¤¾ à¤•à¤¾ à¤–à¤¼à¥‚à¤¬ à¤¸à¤¹à¤¯à¥‹à¤— à¤®à¤¿à¤²à¤¾à¥¤ à¤°à¤¾à¤œà¥à¤¯ à¤•à¥€ à¤«à¤¼à¤¿à¤²à¥à¤® à¤ªà¥‰à¤²à¤¿à¤¸à¥€ à¤¸à¤°à¤¾à¤¹à¤¨à¥€à¤¯ à¤¹à¥ˆà¥¤ à¤¬à¤¾à¤˜à¥‡à¤² à¤œà¥€ à¤•à¤¾ à¤¨à¥‡à¤¤à¥ƒà¤¤à¥à¤µ dynamic &amp; visionary à¤¹à¥ˆà¥¤ à¤‰à¤¨à¤•à¥‹ à¤§à¤¨à¥à¤¯à¤µà¤¾à¤¦ à¤”à¤° à¤¶à¥à¤­à¤•à¤¾à¤®à¤¨à¤¾à¤à¤à¥¤ ğŸ™ğŸ½âœ¨ @ChhattisgarhCMO @meGauravDwivedi https://t.co/ixrMqLv3NQ",['MrsFalani'],"['dynamic', 'visionary']",mrs falani
164,2023-02-05 14:47:47+00:00,ReallySwara,"@geraldstratfor3 Get well soonest, sir! âœ¨",[],"['get', 'well', 'soonest', 'sir']",
165,2023-02-04 13:26:32+00:00,ReallySwara,@abufarhanazmi @FahadZirarAhmad Hahaha! Noted :) :) :),[],"['hahaha', 'noted']",
166,2023-02-02 09:27:08+00:00,ReallySwara,Chalo mubaarak ho! Aa jaayengey ğŸ¤“ğŸ‰ğŸ¥³,[],"['chalo', 'mubaarak', 'ho', 'aa', 'jaayengey']",
167,2023-02-02 02:33:50+00:00,ReallySwara,"à¤œà¤¨à¥à¤®à¤¦à¤¿à¤¨ à¤®à¥à¤¬à¤¾à¤°à¤• à¤«à¤¼à¤¹à¤¾à¤¦ à¤®à¤¿à¤¯à¤¾à¤! à¤­à¤¾à¤ˆ à¤•à¤¾ à¤•à¥‰à¤¨à¥à¤«à¤¼à¤¿à¤¡à¥‡à¤‚à¤¸ à¤¬à¤°à¤•à¤°à¤¾à¤° à¤°à¤¹à¥‡ :) @FahadZirarAhmad 
à¤–à¥à¤¶ à¤°à¤¹à¥‹, à¤†à¤¬à¤¾à¤¦ à¤°à¤¹à¥‹..  à¤‰à¤®à¥à¤° à¤¹à¥‹ à¤°à¤¹à¥€ à¤¹à¥ˆ à¤…à¤¬ à¤¶à¤¾à¤¦à¥€ à¤•à¤° à¤²à¥‹! ğŸ¤£ğŸ¤£ğŸ¤“ğŸ¤“ğŸ’›ğŸ’›
Have a great birthday &amp; a fantastic year dost! âœ¨ https://t.co/3Rzak1MuQB",[],"['great', 'birthday', 'fantastic', 'year', 'dost']",
168,2023-02-01 12:38:14+00:00,ReallySwara,"Congratulations &amp; hat-tip to @RahulGandhi, his team that conceptualised &amp; logistically handled @bharatjodo, to ALL padyatris from @INCIndia who walked abt 3600km since sept 2022 with a message of love &amp; unity! Canâ€™t think of a more relevant effort in these times ğŸ‘ğŸ½ğŸ’™
Well done!âœ¨ https://t.co/nLXKkztDia",[],"['congratulation', 'hattip', 'team', 'conceptualised', 'logistically', 'handled', 'padyatris', 'walked', 'abt', 'km', 'since', 'sept', 'message', 'love', 'unity', 'cant', 'think', 'relevant', 'effort', 'time', 'well', 'done']",
169,2023-01-30 06:22:29+00:00,ReallySwara,ğŸ”¥,[],[],
170,2023-01-30 06:21:23+00:00,ReallySwara,"à¤—à¤¾à¤à¤§à¥€ à¤¹à¤® à¤¶à¤°à¥à¤®à¤¿à¤¨à¥à¤¦à¤¾ à¤¹à¥ˆà¤‚,
à¤¤à¥‡à¤°à¥‡ à¤•à¤¼à¤¾à¤¤à¤¿à¤² à¤œà¤¼à¤¿à¤‚à¤¦à¤¾ à¤¹à¥ˆà¤‚à¥¤
#gandhipunyatithi  #gandhiji #NeverForget","['gandhipunyatithi', 'gandhiji', 'NeverForget']",[],gandhipunyatithi gandhiji  never forget
171,2023-01-26 15:58:24+00:00,ReallySwara,â€˜Twas #Pathaan day today!! â™¥ï¸â™¥ï¸ğŸ¥°ğŸ¥° Whatta grand spectacle &amp; full masala!! Everyone just TOP NOTCH! Iâ€™m normally not a fan of action but @iamsrk makes fight sequences also dreamy &amp; romantic! Loved the cheeky banter all through! Bollywoodâ€™s answer to many naysayers! ğŸ‰ğŸ‰ğŸ’œğŸ’œ @yrf https://t.co/P3xZIBt6IO,['Pathaan'],"['twas', 'day', 'today', 'whatta', 'grand', 'spectacle', 'full', 'masala', 'everyone', 'top', 'notch', 'im', 'normally', 'fan', 'action', 'make', 'fight', 'sequence', 'also', 'dreamy', 'romantic', 'loved', 'cheeky', 'banter', 'bollywood', 'answer', 'many', 'naysayer']",pathaan
172,2023-01-26 08:03:12+00:00,ReallySwara,ğŸ¤£ğŸ¤£ğŸ¤£ğŸ¤£ğŸ¤£,[],[],
173,2023-01-25 17:27:04+00:00,ReallySwara,ğŸ¤£ğŸ¤£ğŸ¤£ğŸ¤£ğŸ¤£ğŸ¤£ğŸ¤£,[],[],
174,2023-01-25 13:19:36+00:00,ReallySwara,@Harveen_A ğŸ˜¬ğŸ˜¬ğŸ¤£ğŸ¤£,[],[],
175,2023-01-25 05:53:25+00:00,ReallySwara,@theUdayB ğŸ˜¬ğŸ˜¬ğŸ¤£ğŸ¤£ğŸ¤—,[],[],
176,2023-01-24 18:37:56+00:00,ReallySwara,@Namrata_Joshi I love it too! ğŸ¤—âœ¨,[],['love'],
177,2023-01-24 13:37:40+00:00,ReallySwara,"Swag!!!! Who has more ?? ğŸ¤“ğŸ˜
@theUdayB https://t.co/EltQLSxex7",[],"['swag', 'ha']",
178,2023-01-16 06:02:40+00:00,ReallySwara,@upalakbr999 @mid_day Thanks Upala ji ğŸ’œğŸ¤—,[],"['thanks', 'upala', 'ji']",
179,2023-01-16 06:01:45+00:00,ReallySwara,"On #MrsFalani #newrole #newbeginnings 
https://t.co/MapzPaTsq2 https://t.co/7ASs385pX9","['MrsFalani', 'newrole', 'newbeginnings']",[],mrs falani newrole newbeginnings
180,2023-01-13 14:08:45+00:00,ReallySwara,"Goodbye Sanjay Sir! I remember with new grief, our last chance meeting &amp; our unfulfilled plan to meet.. You will be remembered &amp; cherished by all those who were blessed to know you! Farewell, though u r gone too soon! ğŸ’”
Thank you @raghuvendras for this ğŸ’™memory! #SanjayChouhan https://t.co/Ew4PZzepBK",['SanjayChouhan'],"['goodbye', 'sanjay', 'sir', 'remember', 'new', 'grief', 'last', 'chance', 'meeting', 'unfulfilled', 'plan', 'meet', 'remembered', 'cherished', 'blessed', 'know', 'farewell', 'though', 'u', 'r', 'gone', 'soon', 'thank', 'memory']",sanjay chouhan
181,2023-01-13 07:23:37+00:00,ReallySwara,Devastating news! What a wonderful kind gentleman he was! What a great writer too.. Remembering his kindness to me in my early years as a â€˜strugglerâ€™ in Bombay.. Deepest condolences to his family and friends. Irreparable loss! ğŸ’” #SanjayChouhan,['SanjayChouhan'],"['devastating', 'news', 'wonderful', 'kind', 'gentleman', 'wa', 'great', 'writer', 'remembering', 'kindness', 'early', 'year', 'struggler', 'bombay', 'deepest', 'condolence', 'family', 'friend', 'irreparable', 'loss']",sanjay chouhan
182,2023-01-12 12:27:15+00:00,ReallySwara,@bollybubble She survived! :),[],['survived'],
183,2023-01-08 09:56:19+00:00,ReallySwara,Something like love! ğŸ–¤âœ¨ğŸ¤— https://t.co/oyTzpiB2hX,[],"['something', 'like', 'love']",
184,2023-01-02 07:08:40+00:00,ReallySwara,"Itâ€™s going to be a #HappyNewYear 2023 ! ğŸ’™ğŸ¤—âœ¨ğŸ¤ğŸ¾
Love, light and best wishes tweeple! â™¥ï¸ https://t.co/RAyFj8GLpB",['HappyNewYear'],"['going', 'love', 'light', 'best', 'wish', 'tweeple']",happy new year
185,2022-12-31 13:37:57+00:00,ReallySwara,"This brave young man is in jail for a speech where he spoke of love, unity and espoused the values of our constitution. After transit bail here is #UmarKhalid walking back into jail, smiling &amp; resolved despite the injustice! Whatta star!! â€˜Voh subah kabhi toh aayegi dost!â€™ ğŸ’™âœ¨ https://t.co/EfEkKc80hi",['UmarKhalid'],"['brave', 'young', 'man', 'jail', 'speech', 'spoke', 'love', 'unity', 'espoused', 'value', 'constitution', 'transit', 'bail', 'walking', 'back', 'jail', 'smiling', 'resolved', 'despite', 'injustice', 'whatta', 'star', 'voh', 'subah', 'kabhi', 'toh', 'aayegi', 'dost']",umar khalid
186,2022-12-30 12:17:07+00:00,ReallySwara,From the #ChamundaDevi temple inside the #Mehrangarh Fort. âœ¨ https://t.co/PsYMn0iLnZ,"['ChamundaDevi', 'Mehrangarh']","['temple', 'inside', 'fort']",chamunda devi  mehrangarh
187,2022-12-30 12:14:44+00:00,ReallySwara,"Favourite view! The most majestic fort palaces Iâ€™ve seen (seen a few)
Jodhpurâ€™s #MehrangarhFort is a MUST VISIT! ğŸ§¡ğŸ¤©
â€œ à¤—à¤¢à¤¼ à¤œà¥‹à¤§à¤¾à¤£à¥‡ à¤Šà¤ªà¤°à¥‡, à¤¬à¥ˆà¤ à¥€ à¤ªà¤‚à¤– à¤ªà¤¸à¤¾à¤°,
à¤…à¤®à¥à¤¬à¤¾ à¤¥à¤¾à¤°à¥‹ à¤†à¤¸à¤°à¥‹, à¤¤à¥‚ à¤¹à¥€à¤œ à¤¹à¥ˆ à¤°à¤–à¤µà¤¾à¤°à¥¤
à¤šà¤¾à¤µà¤£à¥à¤¡ à¤¥à¤¾à¤°à¥€ à¤—à¥‹à¤¦ à¤®à¥‡à¤‚, à¤–à¥‡à¤² à¤°à¤¯à¥‹ à¤œà¥‹à¤§à¤¾à¤£,
à¤¤à¥‚à¤ à¤¹à¥€à¤œ à¤¨à¤¿à¤‚à¤—à¥‡ à¤°à¤¾à¤–à¤œà¥‡, à¤¥à¤¾à¤°à¤¾ à¤Ÿà¤¾à¤¬à¤° à¤œà¤¾à¤£à¥¥â€
- Maharaj PremSingh https://t.co/uIlWPbwRKG",['MehrangarhFort'],"['favourite', 'view', 'majestic', 'fort', 'palace', 'ive', 'seen', 'seen', 'jodhpur', 'must', 'visit', 'maharaj', 'premsingh']",mehrangarh fort
188,2022-12-30 02:47:49+00:00,ReallySwara,"On point edit.. â€œIt should not be a matter of criminal investigation whether or not lovers are faithful to each other.. Supreme Court said in.. 2018 judgment decriminalising adultery, the fundamental right of an individual 2 self-determination includes sexual self determination.â€",[],"['point', 'edit', 'matter', 'criminal', 'investigation', 'whether', 'lover', 'faithful', 'supreme', 'court', 'said', 'judgment', 'decriminalising', 'adultery', 'fundamental', 'right', 'individual', 'selfdetermination', 'includes', 'sexual', 'self', 'determination']",
189,2022-12-30 02:29:42+00:00,ReallySwara,Condolences to PM @narendramodi on the passing of his mother. Prayers and strength ğŸ™ğŸ½ğŸ™ğŸ½ğŸ™ğŸ½,[],"['condolence', 'pm', 'passing', 'mother', 'prayer', 'strength']",
190,2022-12-27 11:27:25+00:00,ReallySwara,Profound! :),[],['profound'],
191,2022-12-27 08:39:21+00:00,ReallySwara,"Itâ€™s gonna be a blurry end of the year! 
ğŸ„âœ¨ğŸ‰ https://t.co/oxHhReQ0cD",[],"['gonna', 'blurry', 'end', 'year']",
192,2022-12-25 11:37:33+00:00,ReallySwara,Merry Christmas yaâ€™ll! ğŸ…ğŸ½ğŸ„â™¥ï¸âœ¨ https://t.co/3Hhermr5hc,[],"['merry', 'christmas', 'yall']",
193,2022-12-25 09:32:22+00:00,ReallySwara,Christmas just got a whole lot yummier!!! Thank uuuuuuuuuu @derekobrienmp sir for this delicious slice of culinary history all the way from Calcutta! Merry Christmas and may Santa bless you always ğŸ¤—ğŸŒ²ğŸ’œâœ¨ğŸ™ğŸ½ #MerryChristmas https://t.co/c6NU14Kbrp,['MerryChristmas'],"['christmas', 'got', 'whole', 'lot', 'yummier', 'thank', 'uuuuuuuuuu', 'sir', 'delicious', 'slice', 'culinary', 'history', 'way', 'calcutta', 'merry', 'christmas', 'may', 'santa', 'bless', 'always']",merry christmas
194,2022-12-24 16:53:29+00:00,ReallySwara,ğŸ’™âœ¨,[],[],
195,2022-12-24 16:32:48+00:00,ReallySwara,"Guys! Letâ€™s give Dr. Katherine a Christmas gift.. 5 people follow her now ğŸ¤“ğŸ¤“ğŸ¤—ğŸ¤—ğŸŒ²ğŸŒ²âœ¨âœ¨
My Dad and I did! @theUdayB You are a cyber Santa! â™¥ï¸",[],"['guy', 'let', 'give', 'dr', 'katherine', 'christmas', 'gift', 'people', 'follow', 'dad', 'cyber', 'santa']",
196,2022-12-24 16:31:33+00:00,ReallySwara,@theUdayB @katherineschof8 Dad you are such a nice guy! ğŸ’™âœ¨ğŸ¤—,[],"['dad', 'nice', 'guy']",
197,2022-12-23 14:13:25+00:00,ReallySwara,Happy 25th wedding anniversary to the wonderful @RiyaazAmlani and Kiran! Wish you both all joy &amp; prosperity &amp; lifetime of togetherness ğŸ¥³ğŸ¥³ğŸ’œğŸ’œâœ¨âœ¨ Thank you for the kindness and gracious hosting ğŸ˜ğŸ¤—âœ¨ #SlinkAndBardotNights https://t.co/vUHUXAveev,['SlinkAndBardotNights'],"['happy', 'th', 'wedding', 'anniversary', 'wonderful', 'kiran', 'wish', 'joy', 'prosperity', 'lifetime', 'togetherness', 'thank', 'kindness', 'gracious', 'hosting']",slink and bardot nights
198,2022-12-20 06:24:14+00:00,ReallySwara,@rohini_sgh The burpees kill me! ğŸ˜¬ Keep slayinâ€™ ğŸ”¥,[],"['burpees', 'kill', 'keep', 'slayin']",
199,2022-12-19 04:52:28+00:00,ReallySwara,"It was eye opening to be at the â€˜Rethinking Refugees: Azadi to Coexistâ€™ festival! Thanks @priyalisur #Sindhuja @TheAzadiProject #RethinkingRefugees for having me.. itâ€™s conversations like these that need to be mainstreamed.. ğŸ¤âœ¨
#Chennai https://t.co/Nt3xEnxK06","['Sindhuja', 'RethinkingRefugees', 'Chennai']","['wa', 'eye', 'opening', 'rethinking', 'refugee', 'azadi', 'coexist', 'festival', 'thanks', 'conversation', 'like', 'need', 'mainstreamed']",sindhuja  rethinking refugees  chennai
200,2022-12-19 03:09:13+00:00,ReallySwara,ğŸ™ğŸ½ğŸ™ğŸ½ğŸ™ğŸ½,[],[],
201,2022-12-17 09:35:05+00:00,ReallySwara,à¤†à¤¤à¤‚à¤• à¤†à¤°à¥‹à¤ªà¥€ à¤¸à¤¾à¤‚à¤¸à¤¦ à¤ªà¥à¤°à¤œà¥à¤à¤¾ à¤ à¤¾à¤•à¥à¤° à¤¬à¥‡à¤°à¥‹à¤œà¤¼à¤—à¤¾à¤° vibes à¤•à¥à¤¯à¥‚à¤ à¤¦à¥‡ à¤°à¤¹à¥€ à¤¹à¥ˆà¤‚? à¤•à¥à¤¯à¤¾ à¤­à¥‹à¤ªà¤¾à¤² à¤•à¥€ à¤œà¤¨à¤¤à¤¾ à¤•à¥‡ à¤¸à¤¾à¤°à¥‡ à¤®à¥à¤¦à¥à¤¦à¥‡ à¤¨à¤¿à¤ªà¤Ÿ à¤—à¤ à¤¹à¥ˆà¤‚ à¤•à¥à¤¯à¤¾? à¤•à¤¾à¤«à¤¼à¥€ à¤«à¤¼à¤¾à¤°à¤¿à¤• à¤²à¤— à¤°à¤¹à¥€ à¤¹à¥ˆà¤‚ à¤®à¥ˆà¤¡à¤®à¥¤ ğŸ™ğŸ½ğŸ™ğŸ½ğŸ™ğŸ½ #Pathan #PathanDekhegaHindustan,"['Pathan', 'PathanDekhegaHindustan']",['vibe'],pathan  pathan dekhega hindustan
202,2022-12-17 09:27:32+00:00,ReallySwara,Insane! ğŸ‘ğŸ½ğŸ‘ğŸ½ğŸ‘ğŸ½ğŸ‘ğŸ½ğŸ‘ğŸ½ğŸ‘ğŸ½ğŸ‘ğŸ½,[],['insane'],
203,2022-12-15 13:17:38+00:00,ReallySwara,"à¤®à¤¿à¤²à¤¿à¤ à¤¹à¤®à¤¾à¤°à¥‡ à¤¦à¥‡à¤¶ à¤•à¥‡ à¤¸à¤¤à¥à¤¤à¤¾à¤§à¤¾à¤°à¥€ à¤°à¤¾à¤œà¤¨à¥‡à¤¤à¤¾à¤“à¤‚ à¤¸à¥‡.. à¤…à¤­à¤¿à¤¨à¥‡à¤¤à¥à¤°à¤¿à¤¯à¥‹à¤‚ à¤•à¥‡ à¤•à¤ªà¤¡à¤¼à¥‹à¤‚ à¤•à¥‹ à¤¦à¥‡à¤–à¤¨à¥‡ à¤¸à¥‡ à¤«à¤¼à¥à¤°à¤¸à¤¤ à¤®à¤¿à¤²à¤¤à¥€ à¤¤à¥‹ à¤•à¥à¤¯à¤¾ à¤ªà¤¤à¤¾ à¤•à¥à¤› à¤•à¤¾à¤® à¤­à¥€ à¤•à¤° à¤²à¥‡à¤¤à¥‡?!? ğŸ™ğŸ½ğŸ¤·ğŸ½â€â™€ï¸ğŸ˜¬
#Pathaan #Pathan https://t.co/03DDrbqoBf","['Pathaan', 'Pathan']",[],pathaan  pathan
204,2022-12-15 12:51:01+00:00,ReallySwara,Other news is what colour costumes actresses are wearing in item numbers! ğŸ˜¬ğŸ§¡ğŸ™ğŸ½,[],"['news', 'colour', 'costume', 'actress', 'wearing', 'item', 'number']",
205,2022-12-15 12:48:26+00:00,ReallySwara,Must join! Itâ€™s really quite an experience.. âœ¨,[],"['must', 'join', 'really', 'quite', 'experience']",
206,2022-12-14 19:15:45+00:00,ReallySwara,@Editor__Sanjay Pleasure meeting you Sanjay sir ğŸ™ğŸ½,[],"['pleasure', 'meeting', 'sanjay', 'sir']",
207,2022-12-13 18:31:39+00:00,ReallySwara,"Woohooo! Our film #DobaraAlvida is nominated in all categories in the #FilmfareShortFilmAwards 2022
Voting open till 15th Dec. VOTE NOW!  â™¥ï¸âœ¨
https://t.co/lSNKsR8sez https://t.co/QOYi5iDk7a","['DobaraAlvida', 'FilmfareShortFilmAwards']","['woohooo', 'film', 'nominated', 'category', 'voting', 'open', 'till', 'th', 'dec', 'vote']",dobara alvida  filmfare short film awards
208,2022-12-11 13:29:59+00:00,ReallySwara,"Happy happy birthday warrior! @jigneshmevani80 ğŸ’™âœ¨ğŸ‰
May you have every joy &amp; May your efforts always come to fruition.. Go long go strong my friend! ğŸ¤—âœ¨ https://t.co/869OVH8C0w",[],"['happy', 'happy', 'birthday', 'warrior', 'may', 'every', 'joy', 'may', 'effort', 'always', 'come', 'fruition', 'go', 'long', 'go', 'strong', 'friend']",
209,2022-12-11 13:24:43+00:00,ReallySwara,@QuotFactory @ProfFeynman @ladygaga @yogitabhayana @richaanirudh @Anahi @_SimiKaran_ @nilambariips @soniandtv @RubikaLiyaquat Word! ğŸ’¯,[],['word'],
210,2022-12-10 06:02:18+00:00,ReallySwara,@sakshijoshii Oh hoooo â™¥ï¸ğŸ”¥,[],"['oh', 'hoooo']",
211,2022-12-09 11:10:41+00:00,ReallySwara,@PriyamvadaGopal Couldnâ€™t agree more.,[],"['couldnt', 'agree']",
212,2022-12-09 08:19:52+00:00,ReallySwara,"The Iranian Regime is murdering its youth who are protesting for basic human rights. Iranian Govt. Does not deserve to be on the UN commission on the Status for Women. Raise your voice in solidarity with the women of #Iran 
Jin Jiyaan Aazaadi / Women Life Freedom â™¥ï¸âœŠğŸ½
#IRIoffCSW","['Iran', 'IRIoffCSW']","['iranian', 'regime', 'murdering', 'youth', 'protesting', 'basic', 'human', 'right', 'iranian', 'govt', 'doe', 'deserve', 'un', 'commission', 'status', 'woman', 'raise', 'voice', 'solidarity', 'woman', 'jin', 'jiyaan', 'aazaadi', 'woman', 'life', 'freedom']",iran ir ioff csw
213,2022-12-08 12:09:26+00:00,ReallySwara,"Poop India ke unending jhooth! ğŸ™„
#JigneshMevaniWins https://t.co/zR2WW2V794",['JigneshMevaniWins'],"['poop', 'india', 'ke', 'unending', 'jhooth']",jignesh mevani wins
214,2022-12-08 12:01:30+00:00,ReallySwara,"Indian men and their inability to understand the idea of â€˜choiceâ€™..
ğŸ˜¬ğŸ¤·ğŸ½â€â™€ï¸
 #hijab #Iran #IranRevolution https://t.co/9vWIDyBrDm","['hijab', 'Iran', 'IranRevolution']","['indian', 'men', 'inability', 'understand', 'idea', 'choice']",hijab  iran  iran revolution
215,2022-12-08 11:44:08+00:00,ReallySwara,Respect! Mad respect for the youth of #Iran ! #MahsaaAmini #IranRevolution https://t.co/r0OzMtZZMC,"['Iran', 'MahsaaAmini', 'IranRevolution']","['respect', 'mad', 'respect', 'youth']",iran  mahsaa amini  iran revolution
216,2022-12-08 08:30:55+00:00,ReallySwara,Shame on Iran! Murdering its children and youth.,[],"['shame', 'iran', 'murdering', 'child', 'youth']",
217,2022-12-07 17:06:52+00:00,ReallySwara,"@joyopal You had me at top descriptions students, engineers, lawyers :)",[],"['top', 'description', 'student', 'engineer', 'lawyer']",
218,2022-12-07 17:01:28+00:00,ReallySwara,ğŸ¤£ğŸ¤£ğŸ¤£,[],[],
219,2022-12-05 17:24:11+00:00,ReallySwara,"Hereâ€™s a podcast on my experience of @bharatjodo  Yatra, my impression of @RahulGandhi  and the cost of being a vocal actor in #India today.. itâ€™s a wholesome conversation with @shammybaweja
Have a listen! And no u donâ€™t know what I said â˜ºï¸â˜ºï¸ğŸ¤“ğŸ¤“âœ¨âœ¨
https://t.co/1joqAdn6mU",['India'],"['podcast', 'experience', 'yatra', 'impression', 'cost', 'vocal', 'actor', 'today', 'wholesome', 'conversation', 'listen', 'u', 'dont', 'know', 'said']",india
220,2022-12-05 13:09:13+00:00,ReallySwara,"Guneeeeeeeet! ğŸ¥ºğŸ¥ºâ£ï¸â£ï¸ğŸ¥°ğŸ¥°
Love and only love to you both âœ¨ğŸ¤—
#thread #love #ithappens","['thread', 'love', 'ithappens']","['guneeeeeeeet', 'love', 'love']",thread  love  it happens
221,2022-12-04 10:03:17+00:00,ReallySwara,"Navy day greetings to all from a naval granddaughter &amp; daughter.. @arunp sir.. thank you 4 your leadership, valuable interventions &amp; sage counsel. Inspiring to see our veterans whoâ€™ve led our forces speak up consistently for Indiaâ€™s constitutional principles. ğŸ‡®ğŸ‡³ğŸ™ğŸ½âœ¨ @theUdayB",[],"['navy', 'day', 'greeting', 'naval', 'granddaughter', 'daughter', 'sir', 'thank', 'leadership', 'valuable', 'intervention', 'sage', 'counsel', 'inspiring', 'see', 'veteran', 'whove', 'led', 'force', 'speak', 'consistently', 'india', 'constitutional', 'principle']",
222,2022-12-03 11:03:49+00:00,ReallySwara,https://t.co/foWEwDGBV3,[],[],
223,2022-12-02 09:37:46+00:00,ReallySwara,@AjayLalluINC ğŸ™ğŸ½ğŸ™ğŸ½ğŸ™ğŸ½ sir.,[],['sir'],
224,2022-12-02 09:36:13+00:00,ReallySwara,@sitaramlamba ğŸ™ğŸ½ğŸ™ğŸ½ğŸ™ğŸ½âœ¨âœ¨âœ¨,[],[],
225,2022-12-01 15:21:28+00:00,ReallySwara,@iycmahe Thank you Mahendran ji for all your kind help today ğŸ™ğŸ½âœ¨ğŸ˜Š,[],"['thank', 'mahendran', 'ji', 'kind', 'help', 'today']",
226,2022-12-01 10:10:29+00:00,ReallySwara,To love and unity ğŸ‡®ğŸ‡³â£ï¸,[],"['love', 'unity']",
227,2022-12-01 09:57:22+00:00,ReallySwara,"Only passing @RahulGandhi a bouquet a young man in the surging crowd brought &amp; was desperately trying to get across to RG.. :) 
You gotta be here to feel the energy and the love. Seriously, join @bharatjodo yatra people. Resist hate. Stand up for our country! ğŸ‡®ğŸ‡³â£ï¸âœ¨ https://t.co/0HJYwdUpKM",[],"['passing', 'bouquet', 'young', 'man', 'surging', 'crowd', 'brought', 'wa', 'desperately', 'trying', 'get', 'across', 'rg', 'gotta', 'feel', 'energy', 'love', 'seriously', 'join', 'yatra', 'people', 'resist', 'hate', 'stand', 'country']",
228,2022-12-01 09:48:20+00:00,ReallySwara,"At a time when hate is normal &amp; the dominant logic is that â€˜no low is too low as long as the election is wonâ€™.. when society is so brutalised that we barely blink at heinous crimes, @bharatjodo yatra is a radical new imagination &amp; expression of how we can resist hate. @INCIndia https://t.co/A4aEbnoCJ4",[],"['time', 'hate', 'normal', 'dominant', 'logic', 'low', 'low', 'long', 'election', 'society', 'brutalised', 'barely', 'blink', 'heinous', 'crime', 'yatra', 'radical', 'new', 'imagination', 'expression', 'resist', 'hate']",
229,2022-12-01 09:37:35+00:00,ReallySwara,"Joined @bharatjodo yatra today &amp; walked with @RahulGandhi. The energy, commitment &amp; love is inspiring! The participation &amp; warmth of common people, enthusiasm of Congress workers &amp; RGâ€™s attention &amp; care toward everyone &amp; everything around him is astounding!  âœŠğŸ½ğŸ‡®ğŸ‡³ğŸ’›âœ¨ @INCIndia https://t.co/k3RqKxT1gh",[],"['joined', 'yatra', 'today', 'walked', 'energy', 'commitment', 'love', 'inspiring', 'participation', 'warmth', 'common', 'people', 'enthusiasm', 'congress', 'worker', 'rg', 'attention', 'care', 'toward', 'everyone', 'everything', 'around', 'astounding']",
230,2022-12-01 09:25:31+00:00,ReallySwara,@RiaRevealed âœŠğŸ½ğŸ‡®ğŸ‡³ğŸ’™,[],[],
231,2022-12-01 07:32:17+00:00,ReallySwara,âœŠğŸ½ğŸ‡®ğŸ‡³âœ¨,[],[],
232,2022-11-30 23:40:20+00:00,ReallySwara,@snp_inc @RahulGandhi @bharatjodo @INCIndia ğŸ™ğŸ½ğŸ™ğŸ½ğŸ™ğŸ½ sir.,[],['sir'],
233,2022-11-29 10:03:01+00:00,ReallySwara,"Ummmm.. Israeli Ambassador inadvertently revealing the condition  of freedom of speech and expression in India ğŸ˜¬ğŸ˜¬ğŸ˜‚ğŸ˜‚
This thread gets better and better. ğŸ™ğŸ½
Btw sir there are many Indians who who agree with Nadav Lapid. Happy to DM you our views ğŸ™ğŸ½âœ¨",[],"['ummmm', 'israeli', 'ambassador', 'inadvertently', 'revealing', 'condition', 'freedom', 'speech', 'expression', 'india', 'thread', 'get', 'better', 'better', 'btw', 'sir', 'many', 'indian', 'agree', 'nadav', 'lapid', 'happy', 'dm', 'view']",
234,2022-11-29 10:00:25+00:00,ReallySwara,Ummm.. The thing is if you have jury for film festivals youâ€™re inviting them specifically to judge the films.. now you are getting mad when they judge the film ğŸ˜¬ğŸ˜¬ğŸ¤¦ğŸ¾â€â™€ï¸ğŸ¤¦ğŸ¾â€â™€ï¸ğŸ¤·ğŸ¾â€â™€ï¸ğŸ¤·ğŸ¾â€â™€ï¸,[],"['ummm', 'thing', 'jury', 'film', 'festival', 'youre', 'inviting', 'specifically', 'judge', 'film', 'getting', 'mad', 'judge', 'film']",
235,2022-11-29 09:56:37+00:00,ReallySwara,Full meltdown has happened..  in capital letters ğŸ¤£ğŸ¤£ğŸ¤£,[],"['full', 'meltdown', 'ha', 'happened', 'capital', 'letter']",
236,2022-11-28 18:30:49+00:00,ReallySwara,"Apparently itâ€™s pretty clear to the world ..
https://t.co/VQGH6eKcj6",[],"['apparently', 'pretty', 'clear', 'world']",
237,2022-11-27 06:48:21+00:00,ReallySwara,ğŸ˜‚ğŸ˜‚ğŸ¤—ğŸ¤— Next one together!!!,[],"['next', 'one', 'together']",
238,2022-11-26 21:47:12+00:00,ReallySwara,"Egypt Diaries.. another chapter!
Hot air Balloon ride over the West Bank of the Nile in Luxor.. Very worth the 4am call time! ğŸˆâ£ï¸âœ¨ #Travel #travelphotography #Egypt https://t.co/sBOOMH3ADZ","['Travel', 'travelphotography', 'Egypt']","['egypt', 'diary', 'another', 'chapter', 'hot', 'air', 'balloon', 'ride', 'west', 'bank', 'nile', 'luxor', 'worth', 'call', 'time']",travel travelphotography  egypt
239,2022-11-26 21:43:24+00:00,ReallySwara,"Egypt Diaries.. Checking the tourist boxes.. âœ…âœ¨ğŸ’›
Ramses II temples at Abu Simbel, Nile Cruise, Karnak Temple complex &amp; the stunning buried tombs in the Valley Of Kings.. in Aswan &amp; Luxor.. 
Got to say.. Egypt is magical! ğŸ’— https://t.co/MmbOPpfQ5q",[],"['egypt', 'diary', 'checking', 'tourist', 'box', 'ramses', 'ii', 'temple', 'abu', 'simbel', 'nile', 'cruise', 'karnak', 'temple', 'complex', 'stunning', 'buried', 'tomb', 'valley', 'king', 'aswan', 'luxor', 'got', 'say', 'egypt', 'magical']",
240,2022-11-26 12:22:16+00:00,ReallySwara,"14 years to 26/11. 
Prayers for the martyrs and salute to our armed forces. ğŸ‡®ğŸ‡³ğŸ’™ğŸ™ğŸ½
Remember, if you want to kill in the name of your God.. start with yourself. 
#NeverForget #MumbaiTerrorAttack","['NeverForget', 'MumbaiTerrorAttack']","['year', 'prayer', 'martyr', 'salute', 'armed', 'force', 'remember', 'want', 'kill', 'name', 'god', 'start']",never forget  mumbai terror attack
241,2022-11-26 05:05:39+00:00,ReallySwara,"It is ridiculous that the law in India makes it this difficult for two consenting adults to marry.. simply because they belong to different religions.. is it this hard for two same faith couples to register their marriage!? See #Thread 
(Via @gautambhatia88 )",['Thread'],"['ridiculous', 'law', 'india', 'make', 'difficult', 'two', 'consenting', 'adult', 'marry', 'simply', 'belong', 'different', 'religion', 'hard', 'two', 'faith', 'couple', 'register', 'marriage', 'see', 'via']",thread
242,2022-11-26 04:51:06+00:00,ReallySwara,. @RichaChadha strength and love to you! ğŸ’™,[],"['strength', 'love']",
243,2022-11-25 17:30:18+00:00,ReallySwara,https://t.co/XDWCk27baq,[],[],
244,2022-11-25 17:29:03+00:00,ReallySwara,"Abu Jani Sandeep Khosla bringing Dhoti glam to the red carpet for the closing ceremony of the Cairo International Film Festival as a part of the international competition jury.. ğŸ’—âœ¨
#finale #CIFF44 @CairoFilms https://t.co/5pkrFZqMw4","['finale', 'CIFF44']","['abu', 'jani', 'sandeep', 'khosla', 'bringing', 'dhoti', 'glam', 'red', 'carpet', 'closing', 'ceremony', 'cairo', 'international', 'film', 'festival', 'part', 'international', 'competition', 'jury']",finale ciff 44
245,2022-11-25 17:25:40+00:00,ReallySwara,"Abu Jani Sandeep Khosla sorting me out for the Cairo International Film Festival jury duties ğŸ’œâœ¨ğŸ¤—
Ajrakh, Leheriya, Indian embroidery traditions representing Indiaâ€™s glorious textile history on the international red carpet!
Nationalism.. but make it fashion! ğŸ¤“ğŸ§¡ https://t.co/OeOIkbw3bf",[],"['abu', 'jani', 'sandeep', 'khosla', 'sorting', 'cairo', 'international', 'film', 'festival', 'jury', 'duty', 'ajrakh', 'leheriya', 'indian', 'embroidery', 'tradition', 'representing', 'india', 'glorious', 'textile', 'history', 'international', 'red', 'carpet', 'nationalism', 'make', 'fashion']",
246,2022-11-25 17:13:34+00:00,ReallySwara,"Oki I have network.. Going to be spamming timelines with Egypt dump- looks from the Cairo International Film Festival and other sightseeing ğŸ’›ğŸ¤—âœ¨
#Egypt #CairoDiaries https://t.co/aCVRdAhUV2","['Egypt', 'CairoDiaries']","['oki', 'network', 'going', 'spamming', 'timeline', 'egypt', 'dump', 'look', 'cairo', 'international', 'film', 'festival', 'sightseeing']",egypt  cairo diaries
247,2022-11-18 01:29:47+00:00,ReallySwara,"à¤¦à¤¿à¤²à¥à¤²à¥€à¤µà¤¾à¤²à¥‡ Egypt à¤†à¤ à¤”à¤° à¤ªà¤‚à¤œà¤¾à¤¬à¥€ à¤—à¤¾à¤¨à¥‡ à¤¨à¤¾ à¤¬à¤œà¤µà¤¾ à¤¦à¤¿à¤ à¤¤à¥‹ à¤µà¥‹ à¤…à¤¸à¤²à¥€ à¤¦à¤¿à¤²à¥à¤²à¥€à¤µà¤¾à¤²à¥‡ à¤¨à¤¾ à¤¹à¥à¤! ğŸ˜‚ğŸ˜‚ğŸ˜¬ğŸ˜¬ğŸ¤·ğŸ¾â€â™€ï¸ğŸ¤·ğŸ¾â€â™€ï¸ğŸ˜ğŸ˜
You are not a Dilliwala if you donâ€™t go to a foreign land and make the DJ play a Punjabi number!!! âœ¨
#CairoDiaries https://t.co/HxRguNKXTO",['CairoDiaries'],"['egypt', 'dilliwala', 'dont', 'go', 'foreign', 'land', 'make', 'dj', 'play', 'punjabi', 'number']",cairo diaries
248,2022-11-18 01:21:41+00:00,ReallySwara,"Jury duties commence.. #ciff44
@CairoFilms https://t.co/vHIMrSKuJT",['ciff44'],"['jury', 'duty', 'commence']",ciff44
249,2022-11-17 22:16:47+00:00,ReallySwara,@_sayema ğŸ’›ğŸ’›ğŸ’›,[],[],
250,2022-11-15 13:37:46+00:00,ReallySwara,"Not without my namastey! ğŸ™ğŸ½ğŸŒâ£ï¸âœ¨
On the red carpet as a member of the International Competition Jury at the 44th Cairo International Film Festival @CairoFilms 
In #AbuJaniSandeepKhosla sari ğŸ¥°ğŸ˜ https://t.co/84kB3allVP",['AbuJaniSandeepKhosla'],"['without', 'namastey', 'red', 'carpet', 'member', 'international', 'competition', 'jury', 'th', 'cairo', 'international', 'film', 'festival', 'sari']",abu jani sandeep khosla
251,2022-11-15 13:15:25+00:00,ReallySwara,"Abu Jani Sandeep Khosla ruling the Cairo red carpet in this gorgeous vermilion sari! Itâ€™s my #LaalIshq for the movies ! â£ï¸ğŸŒâœ¨
Honoured to join the international competition jury at the 44th Cairo International Film Festival @CairoFilms ğŸ™ğŸ½ğŸ¤©ğŸ¥° https://t.co/ekgw6rCVXT",['LaalIshq'],"['abu', 'jani', 'sandeep', 'khosla', 'ruling', 'cairo', 'red', 'carpet', 'gorgeous', 'vermilion', 'sari', 'movie', 'honoured', 'join', 'international', 'competition', 'jury', 'th', 'cairo', 'international', 'film', 'festival']",laal ishq
252,2022-11-14 23:01:24+00:00,ReallySwara,"NO WORDS for how horrifying, gruesome &amp; tragic this case is. My heart goes out to this poor girl-awful betrayal by someone she loved &amp; trusted. Hope police speedily conclude their investigation &amp; hope this monster gets the harshest punishment he thoroughly deserves. #shradhha  ğŸ’”",['shradhha'],"['word', 'horrifying', 'gruesome', 'tragic', 'case', 'heart', 'go', 'poor', 'girlawful', 'betrayal', 'someone', 'loved', 'trusted', 'hope', 'police', 'speedily', 'conclude', 'investigation', 'hope', 'monster', 'get', 'harshest', 'punishment', 'thoroughly', 'deserves']",s hrad hha
253,2022-11-14 10:53:47+00:00,ReallySwara,"Journalists! And viewers .. :)
Check this thread",[],"['journalist', 'viewer', 'check', 'thread']",
254,2022-11-13 16:18:51+00:00,ReallySwara,"Presenting #AblaaNaari on @TheLallantop 
Listen to this fun number by the talented @chinmayimusic jo mauj mauj mein gehri baat kar jaati hai! 
Calling all the â€˜Ablaa Naarisâ€™ ğŸ¤“ğŸ˜ğŸ”¥â£ï¸
https://t.co/OgyrsHqx4b",['AblaaNaari'],"['presenting', 'listen', 'fun', 'number', 'talented', 'jo', 'mauj', 'mauj', 'mein', 'gehri', 'baat', 'kar', 'jaati', 'hai', 'calling', 'ablaa', 'naaris']",ablaa naari
255,2022-11-13 15:57:34+00:00,ReallySwara,"Cairo calling!!!
Team Swara heading to the land of the Nile, the land of the Pharoahs, of the pyramids, of Arabian nights and of the Cairo International Film Festival! 
ğŸ¤©ğŸ¤—ğŸŒâœ¨ğŸ’› #CIFF44 @CairoFilms https://t.co/F4dTLRO53a",['CIFF44'],"['cairo', 'calling', 'team', 'swara', 'heading', 'land', 'nile', 'land', 'pharoahs', 'pyramid', 'arabian', 'night', 'cairo', 'international', 'film', 'festival']",ciff 44
256,2022-11-13 15:43:39+00:00,ReallySwara,"Super stoked &amp; honoured to join this distinguished International Competition jury at the 44th Cairo International Film Festival ! 
Thank you for the invite and honour @CairoFilms, #HusseinFahmi #AmirRamses
ğŸ™ğŸ½ğŸ™ğŸ½ğŸ¤©ğŸ¤©âœ¨âœ¨ğŸŒğŸŒ","['HusseinFahmi', 'AmirRamses']","['super', 'stoked', 'honoured', 'join', 'distinguished', 'international', 'competition', 'jury', 'th', 'cairo', 'international', 'film', 'festival', 'thank', 'invite', 'honour']",hussein fahmi  amir ramses
257,2022-11-09 13:25:15+00:00,ReallySwara,"Thank you @airindiain &amp; your teams.. Hannah at NYC airport, Sanjay ji, Nidhi and the crew of AI-102 for the kindness, warmth &amp; care.. most of which I slept through! ğŸ˜¬ğŸ˜ğŸ¤—ğŸ’›ğŸ™ğŸ½
Goodbye Amrika.. until next time! â£ï¸âœˆï¸ https://t.co/yGkSGNC2UV",[],"['thank', 'team', 'hannah', 'nyc', 'airport', 'sanjay', 'ji', 'nidhi', 'crew', 'ai', 'kindness', 'warmth', 'care', 'slept', 'goodbye', 'amrika', 'next', 'time']",
258,2022-11-06 19:25:57+00:00,ReallySwara,If I was a 56 year old uncle spending the weekend checking out pics of younger women on social media.. I would not flaunt it! ..  but thatâ€™s just me! ğŸ¤“ğŸ™ğŸ½ https://t.co/lS3ScmJeDg,[],"['wa', 'year', 'old', 'uncle', 'spending', 'weekend', 'checking', 'pic', 'younger', 'woman', 'social', 'medium', 'would', 'flaunt', 'thats']",
259,2022-11-06 15:18:05+00:00,ReallySwara,@IsmatAraa Always happy to be eating pizza ğŸ¤“ğŸ’›,[],"['always', 'happy', 'eating', 'pizza']",
260,2022-11-05 08:40:53+00:00,ReallySwara,"Itâ€™s not a New York weekend if you arenâ€™t strutting the subway stations in boots, and carrying a large pizza home! â£ï¸ğŸ˜ğŸ¤“ğŸ‰ https://t.co/WsJ0tmk06S",[],"['new', 'york', 'weekend', 'arent', 'strutting', 'subway', 'station', 'boot', 'carrying', 'large', 'pizza', 'home']",
261,2022-11-05 08:39:05+00:00,ReallySwara,"Hello NYC! ğŸ–¤ğŸâœ¨
Come say hi folks if anyone spots me on the subway!! ğŸ¥³ğŸ˜ https://t.co/YelUVGdh5G",[],"['hello', 'nyc', 'come', 'say', 'hi', 'folk', 'anyone', 'spot', 'subway']",
262,2022-11-03 18:00:25+00:00,ReallySwara,Jaldi yeh bhi hoga hopefully! :) beautiful pics,[],"['jaldi', 'yeh', 'bhi', 'hoga', 'hopefully', 'beautiful', 'pic']",
263,2022-11-03 17:59:50+00:00,ReallySwara,@Live_Gyan @Javedakhtarjadu â˜ºï¸â˜ºï¸ğŸ™ğŸ½ğŸ™ğŸ½âœ¨âœ¨,[],[],
264,2022-11-02 22:45:37+00:00,ReallySwara,Bombay folks! Do not miss the talent of the wonderful @sumitroystudio ğŸ–¤âœ¨ https://t.co/182fTeXI2Z,[],"['bombay', 'folk', 'miss', 'talent', 'wonderful']",
265,2022-11-02 22:44:02+00:00,ReallySwara,Nothing like New England in the fall! ğŸ§¡ğŸğŸƒğŸ¤—âœ¨ https://t.co/JltkgUhHn4,[],"['nothing', 'like', 'new', 'england', 'fall']",
266,2022-11-02 01:23:13+00:00,ReallySwara,@saliltripathi Iâ€™m plotting on how to get more dessert! ğŸ˜¬ğŸ‘»ğŸ˜,[],"['im', 'plotting', 'get', 'dessert']",
267,2022-11-02 01:20:13+00:00,ReallySwara,"When in doubt .. don a black sherwani! ğŸ–¤âœ¨
At the South Asia Literature &amp; Arts Festival #SALA2022 #Saratoga #California 
Outfit: House Of Kotwara https://t.co/RKchGxdpET","['SALA2022', 'Saratoga', 'California']","['doubt', 'black', 'sherwani', 'south', 'asia', 'literature', 'art', 'festival', 'outfit', 'house', 'kotwara']",sala 2022  saratoga  california
268,2022-10-30 22:11:40+00:00,ReallySwara,"Something about a crimson gown will make you take on the world! âœ¨ğŸ’–ğŸ¤—
In custom Gauri &amp; Nainika with Apala jewellery for the inaugural dinner of the #SALA2022 
Thanks for having me @artforumsf â£ï¸ 
#Saratoga #California https://t.co/C3sLeGcp2K","['SALA2022', 'Saratoga', 'California']","['something', 'crimson', 'gown', 'make', 'take', 'world', 'custom', 'gauri', 'nainika', 'apala', 'jewellery', 'inaugural', 'dinner', 'thanks']",sala 2022  saratoga  california
269,2022-10-30 18:16:03+00:00,ReallySwara,"à¤­à¤¾à¤¸à¥à¤•à¤° à¤•à¤¹à¥€à¤‚, à¤¦à¤¿à¤¨à¤•à¤° à¤•à¤¹à¥€à¤‚ à¤•à¤¿
à¤¦à¤¿à¤µà¤¾à¤•à¤° à¤°à¤µà¤¿ à¤•à¤¹à¥€à¤‚
à¤œà¤µà¤¨ à¤¨à¤¾à¤® à¤²à¥‡à¤¤ à¤¹à¥‹à¤–à¥‡ à¤¹à¤®
à¤¤à¥‹à¤¹à¤¾à¤° à¤›à¤µà¤¿ à¤¸à¤¬ à¤®à¥‡à¤‚ à¤¦à¥‡à¤–à¤¤ à¤¬à¤¾à¤¨à¥€
à¤œà¤¯ à¤¸à¥‚à¤°à¤œ à¤­à¤—à¤µà¤¾à¤¨,à¤œà¤¯ à¤›à¤ à¥€ à¤®à¤ˆà¤¯à¤¾!! 
à¤›à¤  à¤ªà¥‚à¤œà¤¾ à¤•à¥‡ à¤¬à¤¹à¥à¤¤ à¤¬à¤¹à¥à¤¤ à¤¬à¤§à¤¾à¤ˆ !!
ğŸ™ğŸ½ğŸ™ğŸ½â˜€ï¸â˜€ï¸ğŸŒ´ğŸŒ´ğŸŒ¾ğŸŒ¾ğŸ¥¥ğŸ¥¥
#ChhathPuja @Live_Gyan",['ChhathPuja'],[],chhath puja
270,2022-10-28 12:29:49+00:00,ReallySwara,"#NotAnAd
:)",['NotAnAd'],[],not an ad
271,2022-10-28 12:29:24+00:00,ReallySwara,"Credit where due.. Despite electoral defeats, trolling, personal attacks &amp; constant critique abt being ineffective, @RahulGandhi has neither succumbed to communal rhetoric nor sensationalist politics. Given the situation of this country effort like @bharatjodo is commendable! ğŸ‘ğŸ¾ https://t.co/hncg1UuiCj",[],"['credit', 'due', 'despite', 'electoral', 'defeat', 'trolling', 'personal', 'attack', 'constant', 'critique', 'abt', 'ineffective', 'ha', 'neither', 'succumbed', 'communal', 'rhetoric', 'sensationalist', 'politics', 'given', 'situation', 'country', 'effort', 'like', 'commendable']",
272,2022-10-28 12:14:30+00:00,ReallySwara,@baxiabhishek ğŸ˜‚ğŸ˜‚ğŸ˜‚ğŸ˜‚ Pls speak up for the cause of Indian men!,[],"['pls', 'speak', 'cause', 'indian', 'men']",
273,2022-10-28 10:29:39+00:00,ReallySwara,@FahadZirarAhmad They need a brain!  But hota toh troll nahi hotey !! ğŸ˜¬ğŸ¤·ğŸ½â€â™€ï¸,[],"['need', 'brain', 'hota', 'toh', 'troll', 'nahi', 'hotey']",
274,2022-10-27 09:49:11+00:00,ReallySwara,See you on the other side of the world folks! â£ï¸âœ¨âœˆï¸ https://t.co/REZin6WV7g,[],"['see', 'side', 'world', 'folk']",
275,2022-10-26 23:32:23+00:00,ReallySwara,"See you soon #SanFrancisco âœ¨
https://t.co/AwBPefYMi9",['SanFrancisco'],"['see', 'soon']",san francisco
276,2022-10-25 17:03:17+00:00,ReallySwara,@Akhilesh_tiwa Aapko bhi shubh deepawali! ğŸ™ğŸ½ğŸª”,[],"['aapko', 'bhi', 'shubh', 'deepawali']",
277,2022-10-25 17:02:53+00:00,ReallySwara,@kanishksinghASP You too! :) ğŸ™ğŸ½ğŸª”,[],[],
278,2022-10-25 17:02:38+00:00,ReallySwara,@wahidlucknavi ğŸ™ğŸ½ğŸ™ğŸ½ğŸª”ğŸª”âœ¨âœ¨,[],[],
279,2022-10-25 17:02:23+00:00,ReallySwara,@SalmanNizami_ ğŸ™ğŸ½ğŸ™ğŸ½ğŸª”ğŸª”âœ¨âœ¨,[],[],
280,2022-10-25 17:02:11+00:00,ReallySwara,@TweetAbhishekA ğŸ™ğŸ½ğŸ™ğŸ½ğŸª”ğŸª”âœ¨âœ¨,[],[],
281,2022-10-25 17:01:03+00:00,ReallySwara,@KamalKishor_INC Thank you aapko bhi happy Diwali.,[],"['thank', 'aapko', 'bhi', 'happy', 'diwali']",
282,2022-10-25 16:59:56+00:00,ReallySwara,@HumaNaaz85 Aapko bhi! ğŸ™ğŸ½ğŸ’›âœ¨ğŸª”,[],"['aapko', 'bhi']",
283,2022-10-25 10:42:55+00:00,ReallySwara,"Really took the brief this #Diwali to spread the light ğŸ’¡ ğŸª”ğŸ¤—âœ¨
#phooljhadi inspired! 
Hope everyone had a happy and lit Diwali ğŸª”ğŸ’– https://t.co/j1CJr71R2I","['Diwali', 'phooljhadi']","['really', 'took', 'brief', 'spread', 'light', 'inspired', 'hope', 'everyone', 'happy', 'lit', 'diwali']",diwali phooljhadi
284,2022-10-25 10:15:12+00:00,ReallySwara,"Diwali away from family after few years. Remembered home, parents &amp; childhood lessons- that on festivals we  spread joy &amp; love, share abundance, give light &amp; hope! ğŸª”âœ¨ Also though evil forces seem mighty, Diwali is a reminder of the triumph of truth &amp; righteousness over evil! ğŸ™ğŸ½ https://t.co/I3S6XYjVXr",[],"['diwali', 'away', 'family', 'year', 'remembered', 'home', 'parent', 'childhood', 'lesson', 'festival', 'spread', 'joy', 'love', 'share', 'abundance', 'give', 'light', 'hope', 'also', 'though', 'evil', 'force', 'seem', 'mighty', 'diwali', 'reminder', 'triumph', 'truth', 'righteousness', 'evil']",
285,2022-10-24 08:32:47+00:00,ReallySwara,"Ghar waali Taash party! Played with scrabble alphabetsâ€¦ won two rounds, made friends decorate my house! ğŸ¤£ Pretty good Chhoti Diwali ğŸ˜ğŸ¤£ğŸ¤“ğŸ¤—ğŸª”ğŸ’›
#HappyDiwali2022 #HappyDiwali Tweeple! Spread light, spread love â¤ï¸ ğŸª”âœ¨ğŸ’¥ https://t.co/huw6OaXD0A","['HappyDiwali2022', 'HappyDiwali']","['ghar', 'waali', 'taash', 'party', 'played', 'scrabble', 'alphabet', 'two', 'round', 'made', 'friend', 'decorate', 'house', 'pretty', 'good', 'chhoti', 'diwali', 'tweeple', 'spread', 'light', 'spread', 'love']",happy diwali 2022  happy diwali
286,2022-10-24 08:26:20+00:00,ReallySwara,@tariq_iqbal ğŸ™ğŸ½ğŸ™ğŸ½ğŸª”ğŸª”âœ¨âœ¨,[],[],
287,2022-10-24 08:25:57+00:00,ReallySwara,"100 yes!!!!! ğŸ’›ğŸ’›ğŸ¤—ğŸ¤—âœ¨âœ¨
#NilBatteySannata",['NilBatteySannata'],['yes'],nil battey sannata
288,2022-10-23 19:57:40+00:00,ReallySwara,@Live_Gyan ğŸ¤“ğŸ¤“âœ¨âœ¨,[],[],
289,2022-10-23 12:43:20+00:00,ReallySwara,"Yayyyeeeee Indiaaaa! ğŸ‡®ğŸ‡³ 
Whatta Virat victory! ğŸ¤—ğŸ’›
#indiaVsPakistan #T20WorldCup2022","['indiaVsPakistan', 'T20WorldCup2022']","['yayyyeeeee', 'indiaaaa', 'whatta', 'virat', 'victory']",india vs pakistan t 20 world cup 2022
290,2022-10-23 12:36:20+00:00,ReallySwara,"Mukkebaaz!!! ğŸ˜ 

@RichaChadha â£ï¸ https://t.co/IVpN0ShF7l",[],['mukkebaaz'],
291,2022-10-23 12:34:10+00:00,ReallySwara,Some of the finest people Iâ€™ve met in #Bollywood ! Thank you for a beautiful and lit evening Abu Sandeep! ğŸ™ğŸ½ğŸª”ğŸ’›ğŸ¤— You guys are amazing and I love uuu! ğŸ’• @AJSKOfficial @sonamakapoor @taapsee https://t.co/55qGaZcbjm,['Bollywood'],"['finest', 'people', 'ive', 'met', 'thank', 'beautiful', 'lit', 'evening', 'abu', 'sandeep', 'guy', 'amazing', 'love', 'uuu']",bollywood
292,2022-10-23 12:26:53+00:00,ReallySwara,Love her!!! â£ï¸ğŸ’¥ I wanna be her when I grow up (more) ! #JayaJi #BossLady https://t.co/pNRlo9T0xC,"['JayaJi', 'BossLady']","['love', 'wanna', 'grow']",jaya ji  boss lady
293,2022-10-23 12:07:54+00:00,ReallySwara,"â€˜Tis the season to sparkle! ğŸ’–
Abu Jani Sandeep Khosla bringing the dazzle to my Diwali! ğŸª”âœ¨ #diwalivibes https://t.co/wcH79pnGNS",['diwalivibes'],"['ti', 'season', 'sparkle', 'abu', 'jani', 'sandeep', 'khosla', 'bringing', 'dazzle', 'diwali']",diwali vibes
294,2022-10-22 15:27:29+00:00,ReallySwara,Oops! ğŸ‘€ https://t.co/0UaCUp5ymf,[],['oops'],
295,2022-10-22 08:25:35+00:00,ReallySwara,UNREAL MISCARRIAGE OF JUSTICE,[],"['unreal', 'miscarriage', 'justice']",
296,2022-10-21 16:57:44+00:00,ReallySwara,ğŸ™ğŸ½ğŸ™ğŸ½ğŸ¤—ğŸ¤—âœ¨âœ¨ğŸª”ğŸª”,[],[],
297,2022-10-21 16:57:15+00:00,ReallySwara,@contentwaala @baxiabhishek Amazing! Big hug to your Amma âœ¨,[],"['amazing', 'big', 'hug', 'amma']",
298,2022-10-21 16:56:10+00:00,ReallySwara,Exactly! Speaks volumes of our state as a people! ğŸ’”,[],"['exactly', 'speaks', 'volume', 'state', 'people']",
299,2022-10-21 12:32:33+00:00,ReallySwara,How sweet! Be like @contentwaala and use Twitter to help each other!! ğŸ¤—âœ¨ @baxiabhishek https://t.co/5fMJMET3sr,[],"['sweet', 'like', 'use', 'twitter', 'help']",
300,2022-10-21 12:29:54+00:00,ReallySwara,"Zeus is 11 yrs old &amp; suffering from Cancer needing expensive CAR-T Treatment. Every donation will make a difference. The link below has verified details.. ITW Sports &amp; @DrArindam_IIPM  have pledged to match every donation made. Letâ€™s do it Tweeple! ğŸ™ğŸ½âœ¨ğŸª”
https://t.co/mScHjJb4fa https://t.co/vNZijCWnZa",[],"['zeus', 'yr', 'old', 'suffering', 'cancer', 'needing', 'expensive', 'cart', 'treatment', 'every', 'donation', 'make', 'difference', 'link', 'ha', 'verified', 'detail', 'itw', 'sport', 'pledged', 'match', 'every', 'donation', 'made', 'let', 'tweeple']",
301,2022-10-19 21:35:11+00:00,ReallySwara,We are monsters! Unbelievable brutalityâ€¦ shameful!,[],"['monster', 'unbelievable', 'brutality', 'shameful']",
302,2022-10-19 08:04:38+00:00,ReallySwara,@Editor__Sanjay Sir ğŸ™ğŸ½ğŸ™ğŸ½ğŸ™ğŸ½ğŸ™ğŸ½,[],['sir'],
303,2022-10-18 22:29:28+00:00,ReallySwara,"Lucknow actually :) ğŸ˜‰ğŸ¤—
But hey! Manish Nagar Market is awesome!!! ğŸ¤“âœ¨",[],"['lucknow', 'actually', 'hey', 'manish', 'nagar', 'market', 'awesome']",
304,2022-10-18 22:19:56+00:00,ReallySwara,ğŸ¤—ğŸ¤—ğŸ¤“ğŸ¤“,[],[],
305,2022-10-18 22:18:59+00:00,ReallySwara,@arfilaamba @CosmoIndia @filmfare Big big love Arfiiiii ğŸ’–,[],"['big', 'big', 'love', 'arfiiiii']",
306,2022-10-18 22:18:36+00:00,ReallySwara,You are a sweetheart shishter! ğŸ¤—ğŸ¤“,[],"['sweetheart', 'shishter']",
307,2022-10-18 07:15:19+00:00,ReallySwara,@theUdayB @GaryDeanTaylor Thanks Dad! ğŸ§¡âœ¨ğŸ¤—,[],"['thanks', 'dad']",
308,2022-10-18 06:28:09+00:00,ReallySwara,@baxiabhishek @CosmoIndia Decided to own the infamy ! ğŸ˜¬ğŸ˜ğŸ¤—,[],"['decided', 'infamy']",
309,2022-10-18 06:27:40+00:00,ReallySwara,@awryaditi ğŸ™ğŸ½ğŸ™ğŸ½ğŸ’–ğŸ’–,[],[],
310,2022-10-17 17:25:29+00:00,ReallySwara,"Guts indeed! Thank you @CosmoIndia for letting me â€˜take up spaceâ€™ on the cover of this very special issue! ğŸ§¡âœ¨
#coverstar for #CosmopolitanIndia

Photographer: Gary Dean Taylor 
Make up: Anu Kaushik
Styling and concept: Nandini Bhalla and team https://t.co/vGsb7yN0Ld","['coverstar', 'CosmopolitanIndia']","['gut', 'indeed', 'thank', 'letting', 'take', 'space', 'cover', 'special', 'issue', 'gary', 'dean', 'taylor', 'make', 'anu', 'kaushikstyling', 'concept', 'nandini', 'bhalla', 'team']",coverstar  cosmopolitan india
311,2022-10-17 16:59:10+00:00,ReallySwara,ğŸ¤®ğŸ¤®ğŸ¤®ğŸ¤®,[],[],
312,2022-10-17 06:34:58+00:00,ReallySwara,@tashitobgyal ğŸ¤£ğŸ¤£ğŸ¤£,[],[],
313,2022-10-16 21:10:22+00:00,ReallySwara,"I may have misunderstood the purpose of a traffic signal ! ğŸ¤£
#desigirl https://t.co/SPS4x4Vikq",['desigirl'],"['may', 'misunderstood', 'purpose', 'traffic', 'signal']",desi girl
314,2022-10-16 19:32:39+00:00,ReallySwara,"â€œThe FIR is congruent with how Shahrukh (victims son) described the sequence of events â€“ However, it makes no mention of the â€˜Jai Shri Ramâ€™ slogans which the crowd allegedly chanted.â€ 
Absolutely shameful what a monstrous &amp; inhuman society weâ€™ve become!!
https://t.co/nOFQnbNSxv",[],"['fir', 'congruent', 'shahrukh', 'victim', 'son', 'described', 'sequence', 'event', 'however', 'make', 'mention', 'jai', 'shri', 'ram', 'slogan', 'crowd', 'allegedly', 'chanted', 'absolutely', 'shameful', 'monstrous', 'inhuman', 'society', 'weve', 'become']",
315,2022-10-16 08:02:12+00:00,ReallySwara,Love her too! What a solid lineup #2022SALAFestival âœ¨âœ¨âœ¨,['2022SALAFestival'],"['love', 'solid', 'lineup']", 2022 sala festival
316,2022-10-16 07:59:17+00:00,ReallySwara,OMG yayyee! Love him.. look forward to meeting and hearing you @tmkrishna sir ğŸ™ğŸ½ğŸ™ğŸ½âœ¨âœ¨ #2022SALAFestival,['2022SALAFestival'],"['omg', 'yayyee', 'love', 'look', 'forward', 'meeting', 'hearing', 'sir']", 2022 sala festival
317,2022-10-16 07:58:22+00:00,ReallySwara,Excited to participate at #2022SALAFestival month end! See you soon San Francisco ğŸ’›âœ¨ğŸ¤—ğŸ¤©,['2022SALAFestival'],"['excited', 'participate', 'month', 'end', 'see', 'soon', 'san', 'francisco']", 2022 sala festival
318,2022-10-16 07:53:10+00:00,ReallySwara,"Persist. Persevere. Prevail.. is what makes â€œa woman for all seasons!â€
 Love the caption @filmfare 
ğŸ’›âœ¨ğŸ˜ #FilmfareCover https://t.co/T9y6YoMZHu",['FilmfareCover'],"['persist', 'persevere', 'prevail', 'make', 'woman', 'season', 'love', 'caption']",filmfare cover
319,2022-10-15 20:51:21+00:00,ReallySwara,"An interesting  &amp; thought provoking read. Iâ€™ve often wondered at the resilience &amp; grace of @RahulGandhi .. this article looks beyond the caricature and assesses the man, the person, the human and in fact there is much to admire! â¤ï¸â€ğŸ©¹ âœ¨
https://t.co/LdSxw33rCQ",[],"['interesting', 'thought', 'provoking', 'read', 'ive', 'often', 'wondered', 'resilience', 'grace', 'article', 'look', 'beyond', 'caricature', 'ass', 'man', 'person', 'human', 'fact', 'much', 'admire']",
320,2022-10-14 22:11:10+00:00,ReallySwara,@itsnancyyk ğŸ¤—ğŸ’›,[],[],
321,2022-10-14 22:10:24+00:00,ReallySwara,ğŸ’¯ yes to that second half of the sentence! ğŸ¤—ğŸ’›âœ¨,[],"['yes', 'second', 'half', 'sentence']",
322,2022-10-14 22:09:23+00:00,ReallySwara,ğŸ¤£ğŸ¤£ğŸ¤£ğŸ˜¬ğŸ˜¬ğŸ˜¬ Dont give them ideas !!!,[],"['dont', 'give', 'idea']",
323,2022-10-14 22:08:49+00:00,ReallySwara,@Rofl_Swara1 ğŸ¤—ğŸ’›âœ¨,[],[],
324,2022-10-14 22:08:24+00:00,ReallySwara,Gem of a film ğŸ™ğŸ½ğŸ’›âœ¨,[],"['gem', 'film']",
325,2022-10-14 19:07:01+00:00,ReallySwara,@kanishksinghASP @theUdayB Thank you :),[],['thank'],
326,2022-10-14 17:40:43+00:00,ReallySwara,"@theUdayB Awwww Thanks Dad! ğŸ’›âœ¨Learnt from you ğŸ¤“ğŸ’–
P.S. Donâ€™t pretend! You love being â€˜up the wallâ€™; itâ€™s your fave place since we were kids!ğŸ¤£ğŸ¤£ğŸ¤£",[],"['awwww', 'thanks', 'dad', 'learnt', 'p', 'dont', 'pretend', 'love', 'wall', 'fave', 'place', 'since', 'kid']",
327,2022-10-14 17:15:27+00:00,ReallySwara,@futterwackening @AzmiShabana @divyadutta25 @MARIJKEdeSOUZA Oh man! I SO missed being there ğŸ’›âœ¨,[],"['oh', 'man', 'missed']",
328,2022-10-14 16:18:29+00:00,ReallySwara,Oh hello! ğŸ¤“ğŸ¤©ğŸ”¥âœ¨ğŸ’›,[],"['oh', 'hello']",
329,2022-10-13 13:16:48+00:00,ReallySwara,Festive season begins! ğŸª”ğŸ¤©ğŸ¥³ Thanks for a lovely evening @rohini_sgh &amp; for introducing me in person to my whole Twitter eco chamber! Loved it ğŸ¤—âœ¨ @scribe_prashant @iamnarendranath @IsmatAraa @sakshijoshii @abhisar_sharma @TanushreePande &amp;  other wonderful folks not in pics ğŸ’› https://t.co/yw5JPowaDk,[],"['festive', 'season', 'begin', 'thanks', 'lovely', 'evening', 'introducing', 'person', 'whole', 'twitter', 'eco', 'chamber', 'loved', 'wonderful', 'folk', 'pic']",
330,2022-10-10 08:56:40+00:00,ReallySwara,"Heartfelt condolences to  #AkhileshYadav ji and to #MulayamSinghYadav jiâ€™s family on his demise. Condolences also to @samajwadiparty cadres and leaders. Strength, solace and prayers to you all. ğŸ™ğŸ½ğŸ™ğŸ½ğŸ™ğŸ½âœ¨âœ¨âœ¨","['AkhileshYadav', 'MulayamSinghYadav']","['heartfelt', 'condolence', 'ji', 'ji', 'family', 'demise', 'condolence', 'also', 'cadre', 'leader', 'strength', 'solace', 'prayer']",akhilesh yadav  mulayam singh yadav
331,2022-10-10 06:38:45+00:00,ReallySwara,â€œBut there is no alternative..â€ discourse Ka nateejaa! ğŸ™ğŸ½ğŸ™ğŸ½ğŸ™ğŸ½,[],"['alternative', 'discourse', 'ka', 'nateejaa']",
332,2022-10-08 19:58:28+00:00,ReallySwara,Rainy day hacks! With the #Scrabble slayer @theUdayB â˜”ï¸ğŸŒ§âœ¨ https://t.co/rAIcmx2upx,['Scrabble'],"['rainy', 'day', 'hack', 'slayer']",scrabble
333,2022-10-08 05:53:26+00:00,ReallySwara,@rakhitripathi @sakshijoshii ğŸ¤£ğŸ”¥,[],[],
334,2022-10-08 05:52:36+00:00,ReallySwara,"Good morning! ğŸ’šğŸ€âœ¨
Thank you @anantnath #GrihShobha
ğŸ™ğŸ½ğŸ™ğŸ½âœ¨âœ¨ https://t.co/pjUrHvLu0L",['GrihShobha'],"['good', 'morning', 'thank']",grih shobha
335,2022-10-06 20:21:11+00:00,ReallySwara,ğŸ˜¬ğŸ˜¬ğŸ¤£ğŸ¤£,[],[],
336,2022-10-06 14:43:29+00:00,ReallySwara,"Reunited with my baby  ğŸ’›âœ¨
#LifeWithGodot : Nonconsensual hugs and total indiscipline! https://t.co/jnURmNFLSA",['LifeWithGodot'],"['reunited', 'baby', 'nonconsensual', 'hug', 'total', 'indiscipline']",life with godot
337,2022-10-06 14:22:54+00:00,ReallySwara,ğŸ¤£ğŸ¤£ğŸ¤£,[],[],
338,2022-10-06 06:34:52+00:00,ReallySwara,In which I use the #rapidfire to shamelessly solicit @karanjohar to set me up on a date as well ğŸ˜¬ğŸ˜¬ğŸ¤£ğŸ¤£,['rapidfire'],"['use', 'shamelessly', 'solicit', 'set', 'date', 'well']",rapid fire
339,2022-10-06 04:56:07+00:00,ReallySwara,Beyond disgusting! Sickening &amp; unconscionable that police do this &amp;  mainstream media channels cheer this kind of Taliban approach &amp; mob justice. Weâ€™ve become monstrous as a society. Shame on @News18India for the vomit worthy discourse your anchor spewed on #KhedaPolice #flogging,"['KhedaPolice', 'flogging']","['beyond', 'disgusting', 'sickening', 'unconscionable', 'police', 'mainstream', 'medium', 'channel', 'cheer', 'kind', 'taliban', 'approach', 'mob', 'justice', 'weve', 'become', 'monstrous', 'society', 'shame', 'vomit', 'worthy', 'discourse', 'anchor', 'spewed']",kheda police flogging
340,2022-10-06 04:47:08+00:00,ReallySwara,@prapthi_m @MasalaBai ğŸ¤£ğŸ¤£ğŸ¤£,[],[],
341,2022-10-06 04:43:00+00:00,ReallySwara,Thread. First person account of #BharatJodoYatra,['BharatJodoYatra'],"['thread', 'first', 'person', 'account']",bharat jodo yatra
342,2022-10-05 16:58:10+00:00,ReallySwara,@vedashastri I agree! âœ¨,[],['agree'],
343,2022-10-05 15:58:12+00:00,ReallySwara,"A meethhaa paan kinda day! âœ¨
Thatâ€™s a #RawMango lehenga choli with a traditional Maheshwari sari draped on instead of a dupatta! 
Say hello to the festive season! ğŸ’–ğŸ¤—
Jewelry: #AmrapaliJewels https://t.co/lq2w1no5Lc","['RawMango', 'AmrapaliJewels']","['meethhaa', 'paan', 'kinda', 'day', 'thats', 'lehenga', 'choli', 'traditional', 'maheshwari', 'sari', 'draped', 'instead', 'dupatta', 'say', 'hello', 'festive', 'season', 'jewelry']",raw mango  amrapali jewels
344,2022-10-05 14:40:02+00:00,ReallySwara,"It took time, but ultimately Lord Ram defeated evil, arrogance, injustice and those who abused their power and strayed from the path of Dharm! May we learn the right lessons this #Dusshehra ! Happy Dusshehra peeps ğŸ™ğŸ½ğŸ’›âœ¨
(Image from Google search) https://t.co/90S79kofzr",['Dusshehra'],"['took', 'time', 'ultimately', 'lord', 'ram', 'defeated', 'evil', 'arrogance', 'injustice', 'abused', 'power', 'strayed', 'path', 'dharm', 'may', 'learn', 'right', 'lesson', 'happy', 'dusshehra', 'peep', 'image', 'google', 'search']",dusshehra
345,2022-10-05 08:13:57+00:00,ReallySwara,"â€œTere maathey pe yeh aanchal bahut hi khoob hai lekin, 
Tu iss aanchal sey ik parcham banaa leti toh achhaa tha!â€ - Majaaz 
#iran #MahsaAmini 
Zan-Zindagi- Azadi
Women- Life- Liberty â¤ï¸","['iran', 'MahsaAmini']","['tere', 'maathey', 'pe', 'yeh', 'aanchal', 'bahut', 'hi', 'khoob', 'hai', 'lekin', 'tu', 'aanchal', 'sey', 'ik', 'parcham', 'banaa', 'leti', 'toh', 'achhaa', 'tha', 'majaaz', 'zanzindagi', 'azadiwomen', 'life', 'liberty']",iran  mahsa amini
346,2022-10-05 00:36:51+00:00,ReallySwara,"My favourite lovebirds! Dher sara pyaar,  shubhkamnaein &amp; duaaein to the ever wonderful @RichaChadha @alifazal9 ğŸ’›ğŸ¤—âœ¨ Khush raho, aabaad raho! ğŸ’– https://t.co/f7roxWvn4h",[],"['favourite', 'lovebird', 'dher', 'sara', 'pyaar', 'shubhkamnaein', 'duaaein', 'ever', 'wonderful', 'khush', 'raho', 'aabaad', 'raho']",
347,2022-10-05 00:31:39+00:00,ReallySwara,"There was literally never a truer word spoken!!!! ğŸ¤£ğŸ¤£ğŸ¤£ğŸ¤£
#same2same behen! #AndheriAngst","['same2same', 'AndheriAngst']","['wa', 'literally', 'never', 'truer', 'word', 'spoken', 'behen']",same 2 same  andheri angst
348,2022-10-04 22:59:26+00:00,ReallySwara,ğŸ™ğŸ½ğŸ’›âœ¨ #MahaNavami wishes to yaâ€™ll ! https://t.co/i9yrrUChQK,['MahaNavami'],"['wish', 'yall']",maha navami
349,2022-10-04 10:53:45+00:00,ReallySwara,@AlinejadMasih Unreal! Horrifying.,[],"['unreal', 'horrifying']",
350,2022-10-03 12:28:13+00:00,ReallySwara,ğŸ¤“ğŸ¤“ğŸ¤«ğŸ¤«,[],[],
351,2022-10-03 11:37:21+00:00,ReallySwara,ğŸ˜‚ğŸ˜‚ğŸ˜‚ğŸ˜‚ğŸ˜‚,[],[],
352,2022-10-03 10:27:30+00:00,ReallySwara,"Brilliant shot! Who is the photographer??
What a â€˜à¤¸à¤¦à¤¿à¤¯à¥‹à¤‚ à¤°à¤¹à¤¾ à¤¹à¥ˆ à¤¦à¥à¤¶à¥à¤®à¤¨ à¤¦à¥Œà¤° à¤ à¤œà¤¼à¤®à¤¾à¤‚ à¤¹à¤®à¤¾à¤°à¤¾, à¤•à¥à¤› à¤¬à¤¾à¤¤ à¤¹à¥ˆ à¤•à¤¿ à¤¹à¤¸à¥à¤¤à¥€ à¤®à¤¿à¤Ÿà¤¤à¥€ à¤¨à¤¹à¥€à¤‚ à¤¹à¤®à¤¾à¤°à¥€à¥¤â€ moment!!
More power to your purpose  @RahulGandhi @bharatjodo https://t.co/RfanEJBw1L",[],"['brilliant', 'shot', 'photographer', 'moment', 'power', 'purpose']",
353,2022-10-03 10:08:23+00:00,ReallySwara,"Happy birthday to the bravest, kindest boy I knowâ€¦ @kunalkamra88 dost.. tum hero ho hamaarey ğŸ¤—ğŸ¤—âœ¨âœ¨ğŸ’–ğŸ’–
Wishing you all bests, much love and strength to walk the path less travelled :) https://t.co/fiwPUArDH0",[],"['happy', 'birthday', 'bravest', 'kindest', 'boy', 'know', 'dost', 'tum', 'hero', 'ho', 'hamaarey', 'wishing', 'best', 'much', 'love', 'strength', 'walk', 'path', 'le', 'travelled']",
354,2022-10-03 09:57:23+00:00,ReallySwara,Very well said Shobhita! ğŸ‘ğŸ½ğŸ‘ğŸ½ğŸ‘ğŸ½ğŸ‘ğŸ½,[],"['well', 'said', 'shobhita']",
355,2022-10-02 09:58:08+00:00,ReallySwara,"Obsessed with this stunning handloom khadi sari from #ChhatisgarhKhadiGramUdyog 
Letâ€™s khadi-fy the red carpet ğŸ¥° 

@handloomcggov @BilasaEmporium @ChhattisgarhCMO @meGauravDwivedi @GoChhattisgarh https://t.co/EkjyK8mUg3",['ChhatisgarhKhadiGramUdyog'],"['obsessed', 'stunning', 'handloom', 'khadi', 'sari', 'let', 'khadify', 'red', 'carpet']",chhatisgarh khadi gram udyog
356,2022-10-02 09:53:44+00:00,ReallySwara,"An ode to #khadi this #GandhiJayanti  #ChhattisgarhKhadiVillageIndustryBoard tribal weave saree with temple border frm Chhattisgarh
 #handloomkhadisaree #khadiindia
#chhattisgarhkvib
@bhupeshbaghel
@ChhattisgarhCMO
@gochhattisgarh
@handloomcggov
@BilasaEmporium @meGauravDwivedi https://t.co/pkrGG6xDb7","['khadi', 'GandhiJayanti', 'ChhattisgarhKhadiVillageIndustryBoard', 'handloomkhadisaree', 'khadiindia', 'chhattisgarhkvib']","['ode', 'tribal', 'weave', 'saree', 'temple', 'border', 'frm', 'chhattisgarh']",khadi  gandhi jayanti  chhattisgarh khadi village industry board handloomkhadisaree khadiindia chhattisgarhkvib
357,2022-10-02 09:47:16+00:00,ReallySwara,"à¤®à¤¹à¤¾à¤¤à¥à¤®à¤¾ à¤—à¤¾à¤‚à¤§à¥€ à¤‡à¤¸ à¤¦à¥‡à¤¶ à¤•à¤¾ à¤ˆà¤®à¤¾à¤¨ à¤¹à¥ˆà¤‚, à¤‡à¤¸à¤²à¤¿à¤ à¤µà¥‹ à¤…à¤®à¤° à¤¹à¥ˆà¤‚à¥¤
à¤…à¤¬ à¤¯à¤¾à¤¦ à¤•à¤°à¥‡à¤‚ à¤•à¤¿à¤¸à¤¨à¥‡ à¤‡à¤¸ à¤¦à¥‡à¤¶ à¤•à¥‡ à¤ˆà¤®à¤¾à¤¨ à¤•à¤¾ à¤•à¤¼à¤¤à¥à¤² à¤•à¤¿à¤¯à¤¾ à¤¥à¤¾, à¤”à¤° à¤°à¥‹à¤œà¤¼ à¤•à¤°à¤¤à¥‡ à¤¹à¥ˆà¤‚.. à¤•à¤¿à¤¸ à¤µà¤¿à¤šà¤¾à¤°à¤§à¤¾à¤°à¤¾ à¤•à¥‡ à¤¹à¥ˆà¤‚ à¤µà¥‡ à¤²à¥‹à¤—? 
#neverforget #GandhiJayanti2022","['neverforget', 'GandhiJayanti2022']",[],neverforget  gandhi jayanti 2022
358,2022-10-02 09:33:33+00:00,ReallySwara,@VipinRathaur @Writersahiba ğŸ™ğŸ½ğŸ™ğŸ½âœ¨âœ¨,[],[],
359,2022-10-02 09:22:47+00:00,ReallySwara,@Writersahiba ğŸ™ğŸ½ğŸ’™,[],[],
360,2022-10-02 09:21:38+00:00,ReallySwara,Happy birthday Mahatma- the undying conscience of our nation! ğŸ¤#GandhiJayanti,['GandhiJayanti'],"['happy', 'birthday', 'mahatma', 'undying', 'conscience', 'nation']",gandhi jayanti
361,2022-10-01 11:35:02+00:00,ReallySwara,@thevofashion ğŸ’™ğŸ’™âœ¨âœ¨,[],[],
362,2022-10-01 09:17:59+00:00,ReallySwara,"What now? ğŸ˜¬ğŸ¤·ğŸ¾â€â™€ï¸
#AmITrendingAgain https://t.co/7XWyGFXixs",['AmITrendingAgain'],[],am i trending again
363,2022-10-01 09:14:42+00:00,ReallySwara,Only love for these two ğŸ’›âœ¨,[],"['love', 'two']",
